recipe_name,ingredients,instructions,prep_time,source
Black Bean Lunch Quesadillas,1/4 cup canned black beans (rinsed) | 1/4 teaspoon taco seasoning | 3 tablespoons shredded cheddar cheese | 1  large flour tortilla,"Distribute the shredded cheese on one half of the tortilla. Sprinkle the taco seasoning over the cheese and top with the black beans. Fold the tortilla in half. Heat a large non-stick pan over medium-high heat. Once hot, spray a little cooking spray and place the quesadilla on the hot pan. Grill the first side, cheese-side-down, for 2 minutes, until the bottom is crisp and golden. Use a spatula to flip the quesadilla over and grill it for one more minute on the other side. Remove from the pan onto a cutting board and cut into thirds. Enjoy immediately or pack for school. To pack a quesadilla inside a lunch container, wait 5 minutes until the quesadilla has cooled down to room temperature. Then, place it inside a lunch container along with healthy sides, like fruit and veggies. Refrigerate the lunch until you’re ready to pack it inside an insulated lunch bag and include an ice pack if necessary.",5 minutes,https://www.momables.com/bean-quesadilla-lunch/
Jalapeño Grilled Cheese,4 slices thick sandwich bread | 1 tablespoon butter (for grilling) | 4 slices Cheddar cheese | 1/2-1  jalapeño (seeds removed and sliced),"Place the sliced bread on a flat surface. Butter one side of each slice, flip over. Place a slice of cheese on each unbuttered side. Layer the sliced jalapeño onto 2 slices. Assemble the sandwiches, making sure the buttered sides are facing out. Grease a medium non-stick skillet and heat over medium-high heat. One at a time, grill each sandwich for about 2 to 3 minutes until it’s golden and the cheese has begun to melt on that side. Flip sandwich and grill on the other side for an additional minute or 2 until it’s golden, crispy, and cheese is melted. Serve immediately, or, to pack in a lunchbox, wait for the sandwich to cool to room temperature before packing inside a lunch container. If packing for lunch, add the veggies and additional snacks to the container, but place them in separate compartments to keep the sandwich bread dry. ",10 minutes,https://www.momables.com/jalapeno-grilled-cheese/
Hummus Sandwich with Lettuce &amp; Tomato,2 slices sandwich bread | 2 tablespoons hummus | 1/2  tomato (slices) | 2  large lettuce leaves,"Spread the hummus over each slice of bread. Place a piece of lettuce onto one slice and top it with tomato and the remaining lettuce and bread. Cut the sandwich in half and serve or pack it into a compartmentalized lunch container. If packing the sandwich for lunch, pack fresh fruit and veggies inside a lunch box. Refrigerate until ready to pack inside a lunch bag, with or without an ice pack.",5 minutes,https://www.momables.com/hummus-sandwich/
Classic Peanut Butter Sandwich,2 slices sandwich bread (your favorite) | 2 tablespoons peanut butter (your favorite),"Spread the peanut butter generously on both slices of bread. Up the game by dusting a little cinnamon and a drizzle of honey, if you want! Pack this sandwich for school inside its own compartment of a lunchbox. In another compartment or container, pack fruit, veggies, and your favorite sides. Add an ice pack in the lunch bag if necessary.",5 minutes,https://www.momables.com/peanut-butter-sandwich/
Potato Soup Thermos Lunch,"1  small onion (chopped) | 1 pound yellow potatoes (washed, peeled, and chopped into large chunks) | 8 ounces ham steak (cubed) | 32 ounces low sodium vegetable broth | 2 cups half and half or whole milk (– about 16 ounces) | ½ teaspoon pepper | ¾ cup shredded cheese | 6 slices bacon (cooked and chopped) | 4  green onions (chopped) | 2 tablespoons chopped chives | Sour cream (optional)","Add the onions, yellow potatoes, ham steak, and vegetable broth to the bowl of the Instant Pot. Close the lid and turn the vent valve to sealing. Cook over manual high pressure for 10 minutes, then quick release the pressure. Once the steam has completely released and the pin has dropped on the lid, open and stir in the half and half and pepper. Turn the Instant Pot to sauté and cook the soup for 4 to 5 minutes or until thickened. To serve, ladle the soup into bowl and top with cheese, bacon, green onions, chives, and sour cream, if using. Preheat the thermos container with boiling water. This step is optional, but it helps. Heat the soup in the microwave or stovetop to a piping-hot temperature. Drain the water from the thermos. Fill the thermos with the very hot soup. Close the thermos container and pack it inside a lunch bag.",25 minutes,https://www.momables.com/potato-soup-thermos-lunch/
Pimento Cheese Recipe,8 ounces sharp cheddar cheese (grated*) | 1/4 cup cream cheese (softened) | 3 tablespoons mayonnaise | 1/2 cup jarred pimento peppers or roasted red peppers* | 1/4 teaspoon onion powder | 1/4 teaspoon garlic powder | 1/2 teaspoon red pepper flakes | Pinch salt and pepper,"Grate the block of cheddar cheese and place it in a large bowl. For optimal texture, I recommend not using pre-grated cheese since it contains anti-caking agents and you want the cheese to combine with the other ingredients best. Add the softened cream cheese and mayonnaise to the bowl and with a spatula, press it down onto the cheddar cheese. Drain the pimento liquid and add the pimentos or roasted red peppers to the bowl. Add the seasonings and continue to mix and combine with a spatula, folding the mixture over until the peppers break down into the cheesy mixture and some tidbits are left. Alternatively, for a smooth texture, place everything inside a food processor and pulse a few times to combine the ingredients and then process for about 30 seconds. Transfer the pimento cheese mixture into a lidded container or bowl. Store in the refrigerator for up to 1 week.",5 minutes,https://www.momables.com/pimento-cheese-recipe/
Tzatziki Dipping Bento,2 tablespoons Tzatziki yogurt dip | 1/2 cup cucumber slices | 1/2 cup cherry tomatoes (optional) | 1  hard-boiled egg (peeled) | 1 ounce cheese (sliced) | 2 ounces deli turkey (rolled up) | 2 ounces whole-grain crackers | 1/2 cup grapes (optional),"Fill a small, lidded container with Tzatziki and close the lid. In the main compartment of a lunch container, place the cucumber slices, rolled up turkey, cheese, and peeled hard-boiled egg. If there’s room, place any other veggies, like the cherry tomatoes in this compartment or in a separate compartment. Store the crackers in a separate compartment or container so they don’t absorb the moisture from the other ingredients and get soggy. Pack any fruit, like grapes (shown), in another compartment or container. Close the lid to the main bento container. Refrigerate up to a day ahead.",5 minutes,https://www.momables.com/tzatziki-dipping-bento/
Turkey Bacon Bento,2 ounces deli turkey (rolled up) | 1 slice bacon (cooked and chopped) | 2 tablespoons hummus | 1 cup sliced veggies (your favorite),"Roll up the turkey slices and slice into bite sized pieces. Place them inside one of the compartments of the bento box, away from dry ingredients, like the pita chips, to prevent them from getting soggy. Place the pita chips in the lunch container. Fill a small, lidded container with the chopped bacon and the hummus inside another small, lidded container. Put everything inside the lunch box. Pack sliced veggies, like cucumbers, in another compartment. Assemble this lunch a day ahead and store in the refrigerator until ready to send it to school in a lunch bag.",5 minutes,https://www.momables.com/turkey-and-bacon-bento/
PB&amp;J Grilled Cheese,2 slices sandwich bread (your favorite) | 2 tablespoons peanut butter (your favorite) | 1 1/2 tablespoons jelly (your favorite) | 1 1/2 ounces shredded cheddar (white or yellow) | Butter or spray (for grilling),"Spread the peanut butter one slice of bread and the jelly (or jam) on the other slice. Sprinkle the shredded cheese over the jelly side, close the sandwich with the peanut butter side. Lightly butter one side of the bread or spray it with oil to create a crispy and golden crust. Heat a medium cast iron or non-stick pan over medium heat. Once hot, place the sandwich buttered-side down, reduce the heat to medium-low, and grill the sandwich for about 2 minutes. Once the bottom side is nice and golden brown, spread butter on the top side (or spray it), flip it, and grill it for an additional 2 minutes, until the cheese has melted and both sides are nicely golden. Remove from the pan and enjoy immediately. Pack this sandwich for school by allowing it to cool down to room temperature completely, about 10 minutes, before placing it inside a lunch container.",5 minutes,https://www.momables.com/peanut-butter-jelly-grilled-cheese/
Cheese Snack Crackers,2 cups Cheddar cheese (grated extra-sharp) | 1/4 cup butter (softened and cut into pieces) | 1 cup flour (plus more for dusting) | 1/2 teaspoon salt | 2-3 tablespoons milk,"Preheat the oven to 375˚F, and line a baking sheet with parchment paper. Place the cheese, butter, flour, and salt into a food processor. Pulse, for 5 seconds at a time, about five or six times, until the dough becomes coarse crumbs. Slowly add the milk, 1 tablespoon at a time, with the food processor on, until the dough becomes a ball. Divide the dough into two balls, and refrigerate for 15 minutes. Remove one dough ball from the refrigerator, and roll it on a floured board with a floured rolling pin until it is about ⅛ inch thick. Cut the dough into 1-inch squares with a sharp knife or pizza cutter. You can put a bit of flour on the blade of the knife to keep it from sticking. Use a toothpick or skewer to poke a hole in the center of each cracker. Place the crackers at least ¼ inch apart on the baking sheet. Repeat the process with a second ball of dough. Bake for 12 to 15 minutes, with the rack placed in the middle of your oven, until the edges are just starting to brown. They might puff up too. If you are baking two pans at the same time, swap/rotate the pans halfway through. Place the baking sheet on a rack, and let the crackers cool completely. Eat or store in a covered container for up to 3 days.",40 minutes,https://www.momables.com/homemade-cheese-crackers/
Chocolate Coconut Granola,4 cups rolled oats | 1 cup shredded coconut | 1/2 cup flaxseeds | 1 cup chopped nuts or shelled seeds (optional) | 1/2 cup cocoa powder | 1/3 cup melted coconut oil | 1/2 teaspoon vanilla extract | 1/3 cup maple syrup | 1/4 cup brown sugar | 1/4 cup mini chocolate chips,"Preheat the oven to 325F. Grease a large baking sheet with a little coconut oil. In a large bowl, stir together the oats, coconut, flaxseeds, and nuts (if using). In a medium bowl, whisk together the cocoa, oil, vanilla, maple syrup, and brown sugar until smooth. Pour the chocolate mixture over the oat mixture in the large bowl, and stir until all the oats are coated. Distribute the mixture evenly into the bottom of the prepared baking sheet, and bake for 15 minutes, checking often to ensure no burning. Remove from the oven, then stir, and bake for another 10 to 15 minutes. Remove from the oven again, and allow the granola to cool completely in the pan without stirring. Once it's cooled completely, add in the mini chocolate chips. Store in an airtight container.",25 minutes,https://www.momables.com/chocolate-coconut-granola-recipe/
Salsa Verde Chicken Pasta,2 cups chicken broth | 1/2 cup salsa verde | 1 cup half and half (or whole milk) | 12 ounces pasta | 1/2 teaspoon salt | 1/2 teaspoon black pepper | 2 cups rotisserie chicken | 1 cup shredded cheese (Monterrey Jack or Pepper Jack),"In a large skillet, over medium-high heat, add the chicken broth, salsa verde, half and half, pasta, salt, and black pepper. Stir to combine and bring the mixture to a boil.  Cover with a lid, reduce the heat to low, and simmer for 15 minutes.  Remove the skillet from the heat, and stir in the shredded chicken and 1 cup of cheese until the mixture is creamy. Add the remaining cheese over the pasta and cover the skillet with the lid for 2 minutes to melt the cheese.  To pack for lunch, preheat the thermos container and fill it with about 1 1/2 cups of salsa verde pasta. Close the thermos container and pack it into a lunch bag with your choice of snacks. Include an ice pack to keep the other ingredients chilled. ",23 minutes,https://www.momables.com/salsa-verde-chicken-pasta/
Easy Reuben Pinwheels,1 teaspoon mustard or Thousand Island Dressing | 1  large flour tortilla | 2 ounces sliced corned beef or roast beef | 1- ounce shredded Swiss cheese | 2 tablespoons sauerkraut | Fresh berries,"Spread the mustard or dressing over the surface of the tortilla. Layer the tortilla with slices of corned beef, shredded cheese, and sauerkraut. Starting at one end, tightly roll the tortilla into a roll. Wrap the entire roll with plastic wrap and refrigerate. If making this the morning of, skip this step and proceed with the recipe. When you're ready to pack, remove the plastic wrap and cut the roll into 1-inch pinwheels. Add the pinwheels to a compartmentalized lunch container, keeping them separate from the fruit and additional snacks. Pack the lunch container into a lunch bag with an ice pack.",8 minutes,https://www.momables.com/reuben-pinwheels/
Spinach Egg Cups for School,6  eggs | 3 tablespoons milk | 1/2 cup chopped spinach | 1 cup shredded cheese | 4-6  egg cups | Fruit &amp; veggies | Lunch sides,"Preheat the oven to 350F and grease a 24-count mini muffin pan. See the note below regarding cooking time if using a regular muffin pan. In a large bowl, whisk the eggs and milk. Add in the chopped spinach and shredded cheese. Mix to combine all ingredients. Distribute the egg mixture evenly into the muffin pan cups, filling them about 3/4 of the way up. Bake in the preheated oven for 15-18 minutes. Remove the pan from the oven and let them cool in the pan before carefully removing them with a small knife or small spatula. Once cooled, refrigerate the egg cups in an airtight container or zip bag for up to 3 days. To enjoy these at room temperature, place 4 to 6 egg cups inside the main compartment of a lunch container. To eat warm, heat the egg cups in the microwave for 1 minute, stopping the microwave half way through to flip them over. Immediately transfer them inside a thermos container and close the lid. Finish packing this lunch by adding fruit, veggies, and any other sides inside a bento box. Pack everything inside a lunch bag.",23 minutes,https://www.momables.com/spinach-egg-cups/
Protein &amp; Fruit Bento Box,1  apple (sliced) | 1 handful of seedless grapes | 2-4 ounces rolled deli turkey | 1- ounce pretzel chips or whole-grain crackers | 1- ounce cheese crisps or cubed cheese,"Wash the grapes and slice the apples. Cut each roll of turkey in half. Place the grapes, apples, and turkey inside the lunch container. Pack the pretzel chips and cheese crisps or cubes into separate compartments to keep them dry. Close the lunch container and pack it into a lunch bag with an ice pack.",5 minutes,https://www.momables.com/fruit-bento-box/
Charcuterie Lunchables,1 oz sliced salami | 1 oz cheese (your favorite) | 6  kalamata olives | 1/3 cup baby carrots | 1/2 cup sliced cucumber | 1  hard-boiled egg | 6  whole-grain crackers | 2 tablespoons hummus,"Mix and match your favorite cured meats, cheese, olives, and crunchy veggies to build this bento lunch. Just as you would assemble a charcuterie board, place your savory charcuterie items, such as the salami and cheese, on one side of the lunch container. Fill the rest of the larger compartment with the veggies and olives. Place the hard-boiled egg and the crackers in another compartment. Cover with the lid and refrigerate until you're ready to place it in the lunch bag, ice pack optional.",5 minutes,https://www.momables.com/charcuterie-lunchbox/
Enchilada Soup | MOMables,"3 tablespoons olive oil | 2  garlic cloves (minced) | 1  medium onion (chopped) | 3 tablespoons chili powder | 1 teaspoon dried oregano | 1 teaspoon cumin | 1/2 teaspoon coarse salt | 1/2 teaspoon smoked paprika | 4 cups vegetable or chicken broth | 30 ounces pinto beans (rinsed and drained (2 15-ounce cans)) | 12- ounce bag of corn | 28- ounce can of crushed fire-roasted tomatoes | Toppings: avocado (shredded cheddar, green onions, fresh pico de gallo.)","In a large 5-quart pot, heat oil over medium-high heat. Add the chopped onion and garlic; sauté until the onion is tender and translucent. Season with chili powder, oregano, cumin, salt, and paprika. Cook for 3 minutes or until fragrant.  Add in broth, pinto beans, corn, and crushed tomatoes. Bring soup to a boil and reduce heat to a simmer; cook for 20 minutes, stirring a few times to combine. Ladle soup into bowls and top with your favorite toppings. Preheat the thermos container with boiling water. This step is optional, but it helps. Heat the soup in the microwave or stovetop to a piping-hot temperature. Drain the water from the thermos. Fill the thermos with the very hot soup. Close the thermos container and pack it inside a lunch bag.",30 minutes,https://www.momables.com/enchilada-soup/
Pizza Bento {Mess Free!},"2 tablespoons hummus (or single-serve cup) | 8  pepperoni slices (traditional or turkey) | 1 ounce Mozzarella cheese cubes | 8  pita chips | Favorite pizza toppings: (sliced olives, bell peppers, etc.)","Fill a small lidded container with hummus or, place a single-serve hummus cup inside the main compartment of a lunch box. In the same compartment as the sealed hummus, or another, place the pita chips and cheese cubes. Try to keep the dry ingredients separate. In another compartment or small lidded containers, place the other ingredients, especially any ingredient that contains moisture, like black olives and bell peppers (if using). Close the lid and refrigerate until ready to pack inside the lunch bag, up to a day.",5 minutes,https://www.momables.com/pizza-bistro-box/
Turkey Pesto Sandwich,1 teaspoon mayonnaise | 1 teaspoon pesto | 1  ciabatta bread roll (or 2 slices of bread) | 2 oz oven roasted turkey | 1 slice deli cheese (your favorite) | 2 slices tomato (optional) | 2  green lettuce leaves,"In a small dish, combine the mayonnaise and pesto into a spreadable mixture and divide it on both sides of the bread. Top the bottom of side of the sandwich with lettuce, tomato, oven roasted turkey, and cheese. Close the sandwich with the top half of the ciabatta bread. Serve it with fresh fruit and veggies if desired. If making this sandwich for later, refrigerate it until you’re ready to pack it inside a lunch bag, with or without an ice pack, depending on the weather.",5 minutes,https://www.momables.com/turkey-pesto-sandwich/
Egg Salad with Lettuce Greens,2  hard boiled eggs | 2 tablespoons Greek yogurt or mayo | 1 teaspoon yellow mustard | ¼ teaspoon paprika | Pinch of salt and pepper | 2 handfuls salad greens | ½  Roma tomato (diced) | Bacon crumbles (optional),"Finely chop the hard boiled eggs on a cutting board and transfer them into a bowl. Add the Greek yogurt or mayonnaise, mustard, paprika, salt and pepper, and mix well to combine the ingredients. Adjust more mayo or yogurt if necessary to your liking. Fill the large compartment of a lunch box with the salad greens. Top with the egg salad, diced tomatoes, and bacon crumbles (if using). In separate compartments or containers, pack fresh fruit, veggies, and snacks. Refrigerate until ready to pack inside a lunch bag with an ice pack if necessary.",5 minutes,https://www.momables.com/egg-salad-with-lettuce-greens/
Avocado Bacon Pinwheels,1  large flour tortilla | 1/4  avocado (mashed) | 1 teaspoon mayo or Greek yogurt | 1 slice bacon (cooked and crumbled) | 2 tablespoons grated cheddar cheese,"In a small bowl, combine the avocado with the mayonnaise or Greek yogurt. Spread the avocado mixture in a thin layer around the tortilla. Sprinkle the bacon and the shredded cheddar cheese on top. Roll the tortilla tightly, slice it in half, and then into 1-inch pieces. Place the pinwheels inside a compartmentalized lunch container. Add healthy sides, like fruit and veggies. Refrigerate the lunch until you’re ready to pack it inside an insulated lunch bag and include an ice pack if necessary.",5 minutes,https://www.momables.com/avocado-tortilla-pinwheels/
Turkey &amp; Cheese Cracker Stacker Lunchbox,2 ounces deli turkey | 1 ounce cheddar cheese (sliced) | 6  whole-grain crackers | 1  hard boiled egg | 1 serving of veggies | 1 serving of fruit,"On a flat surface, roll up the deli turkey slices and cut them into a few pieces. Place them inside the lunch container. Slice 1 to 2 slices of cheddar cheese and place them in the lunch container. Peel and slice the hard-boiled egg in half or, into smaller pieces for younger kids. Place the hard boiled egg inside the compartment of the lunch container. Pack the crackers inside a separate compartment or zip bag so they stay fresh until lunchtime. Add a serving of fruit and veggies to this lunch to round up the nutrition.",5 minutes,https://www.momables.com/cracker-stacker-bento-with-turkey-cheese/
Hummus and Carrots Bento,2 tablespoons hummus | 1 cup baby carrots | 1/4 cup sliced veggies,"Place the hummus in one compartment or inside a small lidded container. In another compartment, place the carrots and any other veggies. Store in the refrigerator for up to two days.",5 minutes,https://www.momables.com/hummus-and-carrots-bento/
Picnic Bento Lunch Box,½ cup strawberries | ⅓ cup blueberries | ½ cup English cucumber sliced | 3 ounces deli turkey | Pita chips or crackers,"Wash fresh fruit and veggies. Slice fruit and veggies into bite-sized pieces and place inside the lunch container. Roll up deli turkey, and slice into smaller pieces. Place pita chips in a separate lunch compartment to keep them dry. Close the lunchbox and refrigerate or place it in a lunch bag with an ice pack.",5 minutes,https://www.momables.com/picnic-bento-box-idea/
Breakfast Bento with Mini Pancakes,6-8  mini pancakes | 2 tablespoons whipped cream cheese | 1 tablespoon jam of choice | Fruit,"Lightly toast the pancakes in a toaster. Alternatively, you can make the sandwiches with frozen pancakes; these will thaw out by lunch, and they’ll keep the cream cheese cool at the same time. Spread a little whipped cream cheese directly onto a pancake, top with a little jam, and use another pancake to form a pancake sandwich. Place each pancake mini sandwich inside a bento box along with some fruit and favorite sides. Pack inside a lunch bag, with an ice pack if necessary.",5 minutes,https://www.momables.com/breakfast-bento-with-mini-pancakes/
Healthy Rainbow Snack Box,1/2  red bell pepper sliced | 1/2 cup carrot coins | 1  small apple (sliced) | 2  oatmeal raisin bites | 1  hard-boiled egg (halved or diced),"Wash and slice the bell peppers and apple. Pack the veggies and fruit into a lunch container. Add the hard-boiled egg and apple to the empty compartments. The snack bites can be packed into the same compartment as the veggies, but if you're assembling this with a granola bar or crackers, they will need to be placed in a separate compartment. Close the container and pack it into a lunch bag with an ice pack.",5 minutes,https://www.momables.com/rainbow-snack-box/
Ham and Cheese Roll Ups Bento,2 ounces ham | 1 1/2 ounces cheese (sliced) | 6  crackers (your favorite) | 1/2 cup corn (or another veggie) | 1/2 cup berries (or your favorite fruit),"Lay the ham slice flat on the cutting board and fold in half, if necessary, to be about the same size of the sliced cheese. Place the cheese on one end on top of the ham, and roll it up to the end. Repeat the process with remaining ham and cheese slices. Place the ham and cheese roll ups inside a compartment of the lunchbox. Pack the corn in a small, lidded container or another compartment. You don’t need to thaw out frozen corn, it will thaw out by lunch. Canned corn also works. Place the crackers inside a separate compartment of the bento box or container. Store the berries in a separate compartment. Refrigerate the lunch box or place it in a lunch bag with an ice pack, if needed.",5 minutes,https://www.momables.com/ham-and-cheese-roll-ups/
Beef Jerky Snack Box,1 cup grapes | 1 ounce cheese (cut into squares) | 1 serving whole grain crackers | 1 ounce beef jerky,"Wash the fruit and slice the cheese into small squares. Cut the jerky into smaller pieces if needed. Place the crackers in their own compartment. Add the jerky, cheese, and fruit to the remaining compartments. Close the container and place it into the lunch bag with an ice pack.",5 minutes,https://www.momables.com/snack-box-with-beef-jery/
Chocolate Brownie No-Bake Energy Bites,"1 cup raisins, packed | 1 cup cashews | 1/4 cup cocoa powder | 1 teaspoon vanilla extract | 1/4 teaspoon salt | Pinch cinnamon","Place raisins in a medium bowl and cover with hot water. Let soak for 5 minutes to soften then drain. Add raisins and all remaining ingredients into a food processor and pulse until the mixture turns into the consistency of sand. Remove blade from the unit. Using your hands, scoop out dough and form into balls on the palms of your hands. Chill for 30 minutes and enjoy. Store in an airtight container in the fridge for one week.",10 minutes,https://www.momables.com/chocolate-brownie-energy-bites/
5 Healthy Lunch Desserts for School,3  bananas | 2  avocados (peeled and pitted) | 6 tablespoons unsweetened cocoa powder | 2 tablespoons honey | 1 teaspoon vanilla extract,"Place the bananas, avocados, cocoa powder, honey, and vanilla into a food processor or blender, blend until smooth. Refrigerate for at least 2 hours before serving.",10 minutes,https://www.momables.com/5-healthy-desserts-for-school-lunches/
Nut Free Snacks for the Classroom,6  tortillas | 1 Tablespoon vegetable oil | 3 tablespoons grated Parmesan cheese | 1 1/2 teaspoons chili powder | 1 1/2 teaspoons smoked paprika | 1/2 teaspoon salt,"Preheat oven to 350 degrees. Line a large baking sheet with parchment paper. Place the tortillas onto the baking sheet and brush oil on both sides. Stack the tortillas and cut 3 ways making 6 triangles. In a medium-sized bowl, add the Parmesan, chili powder, smoked paprika, and salt, stir to combine. Toss the sliced tortillas into the spice mix, making sure each piece gets evenly coated and lay them in a single layer onto the baking sheet. Bake for 15 to 20 minutes or until crisp. Allow to cool before serving or packing into lunch containers.",23 minutes,https://www.momables.com/7-nut-free-snacks-for-the-classroom/
Pancake Breakfast Bento with Fresh Fruit,"2  Pancakes, frozen or this Fluffy Pancake Recipe | 1/2 cup diced berries, such as strawberries &amp; blueberries | 1 1/2 tablespoons whipped cream cheese","Prepare your favorite pancake recipe If using frozen pancakes, you can pack them in the lunch container frozen, they&#39;ll thaw out to room temperature by lunch. Or, lightly microwave them or toast them to bring them to room temperature. Use your favorite recipe or store-bought variety. Place the pancakes in the main compartment of a bento box. In a separate compartment, place the berries and any other sides you might want to pack for lunch. Close the lid. Fill a small dip or sauce container with the whipped cream cheese. Whipped cream cheese is less messy than syrup but syrup also works!",5 minutes,https://www.momables.com/fresh-fruit-and-pancake-breakfast-bar/
High-Protein Pepperoni Pizza Egg Cups,6  eggs | 3 tablespoons milk | 1 cup of your choice of pizza toppings (chopped) | 1 cup shredded mozzarella | 4-6  egg cups | Fruit &amp; veggies | Sides of your choice,"Preheat the oven to 350F and grease 24-count mini muffin pan. See the note below regarding cooking time if using a regular muffin pan. In a large bowl, whisk eggs and milk. Add in chopped pizza toppings and shredded cheese. Mix to combine all ingredients. Distribute the egg mixture evenly into the muffin pan cups, filling them about 3/4 of the way up. Bake in the preheated oven for 15-18 minutes. Remove the pan from the oven and let them cool in the pan before carefully removing them with a small knife or small spatula. Once cooled, refrigerate the egg cups in an airtight container or zip bag for up to 3 days. To enjoy these at room temperature, place 4 to 6 egg cups inside the main compartment of a lunch container. To eat warm, heat the egg cups in the microwave for 1 minute, stopping the microwave half way through to flip them over. Immediately transfer them inside a thermos container and close the lid. Finish packing this snack box by adding fruit, veggies, and any other sides inside a bento. Pack everything inside a lunch bag.",23 minutes,https://www.momables.com/pizza-mini-quiches/
Easy Pasta Lunch Box,"1 cup cooked pasta | 1/4 cup toppings: cherry tomatoes, olives, or deli meat. | 1 teaspoon olive oil | Pinch of salt and pepper | 1/2 cup veggies (peas or carrots) | 1 oz cheese cubes","In a bowl, combine the cooked pasta, your kids’ favorite toppings like sliced cherry tomatoes, sliced black olives, cheese cubes, pepperoni -anything goes- with the olive oil, salt, and pepper. Toss to coat the ingredients with the olive oil and transfer it inside a lunch container. Add a side of veggies, like the peas in the photo, along with some cheese cubes or a hard boiled egg for protein (you choose!). Refrigerate the lunch until it’s time to pack it for school Place the pasta salad, the sides, and utensils inside a lunch bag along with an ice pack if needed.",5 minutes,https://www.momables.com/pasta-lunch-box/
Banana Chocolate Chip Nut-Free Granola Bars Recipe,4 1/4 cups old-fashioned oats (divided) | 1 teaspoon cinnamon | 1/4 cup coconut oil (melted) | 1/4 cup honey | 3/4 cup mashed ripe banana (about 2 medium) | 2 teaspoons vanilla extract | 1  large egg | 1/2 cup chocolate chips (white or milk chocolate),"Preheat oven to 350 degrees F. Line a 9×13-inch baking dish with parchment paper for easy lifting. In your blender or food processor, add 1/2 cup of oats and blend to make oat flour. Transfer oat flour into a large bowl. Add the remaining oats, cinnamon to the large bowl. In a blender, place the coconut oil, honey, banana, and vanilla. Blend until smooth. Add the egg and blend on low speed to incorporate.  Pour the wet ingredients into the large oat bowl and using a wooden spoon, stir until well combined. Add in the chocolate chips, if using. Transfer the thick oat mixture into the prepared pan. Take another piece of parchment paper and place it on top of the oat mixture, press down to spread the oat mixture throughout the pan. Bake in the preheated oven for 32-35 minutes, until set and lightly golden. Remove pan from the oven and allow it to cool down completely. Refrigerate pan for an hour before slicing. When ready to slice into bars, use the parchment paper to lift the baked bars out of the pan and slice into squares with a knife. Refrigerate leftover granola squares in an airtight container for up to one week and in the freezer up to a month.",10 minutes,https://www.momables.com/banana-chocolate-chip-granola-bars/
Chewy Oatmeal Raisin Granola Bars,2 cups quick oats | 1 cup crispy rice cereal | 1/8 teaspoon salt | 3 tablespoons raisins | 1/4 cup butter or coconut oil | 1/4 cup brown rice syrup | 1/4 cup brown sugar | 1 teaspoon vanilla,"Line an 8 x 8-inch or 9 x 9-inch square baking pan or glass baking dish with parchment paper. In a large bowl, mix the oats, cereal, salt, and raisins. Set aside. In a small pot, melt the butter, syrup, and brown sugar. When it starts to boil, reduce the heat to medium-low, and cook for 4 minutes, making sure the mixture continues to minimally bubble while stirring often. Turn off the heat and add the vanilla. Pour the liquid mixture into the dry mixture. Mix well to combine all ingredients. Place the oaty mixture into the square baking dish. Cover with parchment paper, and press down with your hands until the mix is well packed. Just when you think you’ve pressed down enough, press some more! Allow the pan to cool at room temperature for at least 2 hours. Lift the parchment paper out onto a cutting board, and slice into 12 bars. After cutting the bars, store them in an airtight container or ziplock bag for up to 1 week in the pantry.",10 minutes,https://www.momables.com/no-bake-chewy-oatmeal-raisin-granola-bar-recipe/
Peanut Butter Granola Bars,"2 cups rolled oats (divided) | 1 cup rice crispies | 1/2 cup brown sugar | 1/2 teaspoon salt | 1/4 teaspoon cinnamon (optional) | 2 cups add-ins (like nuts, chocolate chips, dried fruit) (mix &amp; match your favorites) | 1/3 cup peanut butter (or nut-free butter) | 6 tablespoons melted butter | 1 teaspoon vanilla | 1/4 cup honey (maple syrup or brown rice syrup) | 1 tablespoon water","Preheat oven to 350 degrees. Line an 8×8 pan with parchment paper or grease it generously with oil or nonstick spray. Place 1/3 cup of oats in a blender or food processor and blend until they turn into flour. Transfer the oat flour into a large bowl. To the large bowl with the oat flour, add the rest of the oats, rice crispies, brown sugar, salt, cinnamon, and your 2 cups of dried fruit, nuts, and/or chocolate chips. In a medium bowl whisk together peanut butter, melted butter, vanilla, honey, and water. Pour the wet ingredients into the dry and with a wooden spoon, mix and combine. Spread the mixture into the prepared pan, pressing firmly. Use a large piece of parchment paper or plastic wrap to make the process less sticky. Bake for 30-40 minutes or until golden brown along the edges. These will still be soft when they come out of the oven, almost like they are underbaked. Allow the pan and the bars to cool down completely. Once fully cool, use a knife to cut a row of bars. If they seem a bit crumbly, refrigerate for 30 mintues to help them set. Wrap the bars individually in plastic wrap or cover the pan. Keep them on the counter for 3 days or in the fridge for a week. I do not recommend freezing them.",30 minutes,https://www.momables.com/simple-nutritious-homemade-granola-bars/
Apple Sandwiches: After School Snack,2  apples (washed) | 1/4 cup peanut butter | 1/4 cup granola | 1/4 cup shredded coconut,"Cut each apple into 4 horizontal slices, creating round, flat circles (with a hole in the center like an O). Discard seeds and any pulp around the core. Lay 4 apple circles on a plate. Spread almond butter on top of each slice, sprinkle with granola and shredded coconut, and top each sandwich with remaining apple slices. Serve immediately.",5 minutes,https://www.momables.com/apple-sandwiches/
Chocolate Covered Banana Bites,1/2 cup peanut butter | 2  bananas (peeled and sliced) | 1/2 cup semi-sweet chocolate chips (melted),"Line a large baking sheet with parchment paper. Spread peanut butter on a slice of banana and top with another slice of banana. Place on the lined pan and freeze for one hour.  Once the banana bites are frozen, place the chocolate chips into a microwave-safe dish and microwave for 30 seconds. Stir and microwave in 15-second intervals until melted.  Dip each banana bite halfway through into the bowl of melted chocolate.  Place the bites back onto the baking sheet and freeze for another hour until the chocolate is solid. Remove the desired amount and enjoy.  Freeze any extras in an airtight container for 1 to 2 months. ",130 minutes,https://www.momables.com/chocolate-covered-banana-bites/
Healthy Lunchable with Banana Chips,4-6 slices deli ham or turkey (rolled up or cut into circles) | 1 ounce cheese (sliced) | 1/2 cup baby carrots | 1/4 cup banana chips (or crackers),"Inside a snack box or lunch container with compartments, pack the carrots, cheese, and ham or turkey. Place the banana chips (or crackers if using) inside a separate compartment or container to prevent them from getting soggy. Cover with the lid and keep refrigerated until you pack it inside the lunch bag, with an ice pack if necessary.",5 minutes,https://www.momables.com/healthy-lunchable/
Chicken Caesar Lunch Wrap,4 oz (1/2 cup) cooked chicken (finely chopped or shredded) | 2 tablespoons Caesar dressing | 1 tablespoon Parmesan cheese (shaved or shredded) | Lettuce leaves | 1  large tortilla | Fruit | Veggies,"In a medium bowl, combine the chopped or shredded cooked chicken with the Caesar dressing. Mix it until all the chicken has been coated with it. Place the tortilla on a flat surface and layer a couple of lettuce leaves on top. Scoop the chicken Caesar mixture on top of the lettuce, placing it in the middle of the tortilla. Sprinkle the Parmesan cheese over the chicken. Fold in the two sides and then one end over the chicken salad, rolling it tightly into a wrap. Slice in half. Place the chicken wrap inside the main compartment of a lunchbox along with some fruit and veggies. Cover with the lid and refrigerate until ready to pack inside a lunch bag with or without an ice pack.",5 minutes,https://www.momables.com/chicken-caesar-lunch-wrap/
Tomato Pasta Soup Thermos Lunch,1 cup veggie tomato soup | 1/2 cup cooked macaroni pasta | Tomato pasta soup | 1 cup raw veggies | 2 tablespoons ranch dressing,"Fill the thermos container with hot water and let it sit for 5 minutes before draining the water out. Meanwhile, heat up the tomato pasta soup, wither leftovers from dinner or making your own with tomato soup + cooked pasta, until piping hot, for about 2 minutes in the microwave. Pour the hot soup inside the thermos container, close the lid. Fill a small lidded container with 2 tablespoons of dressing or dip. Pack the veggies separatedly. If your container or snack box is leak-proof, you can put them all in the same one but in separate compartments. Place the thermos container, a spoon, and the veggies and dip inside a lunch bag.",5 minutes,https://www.momables.com/tomato-pasta-soup-thermos-lunch/
How to Pack Thermos Macaroni and Cheese,1 pound pasta (any shape) | 1 1/2 cups milk | 2 tablespoons flour | 2 cups shredded cheddar cheese | 1/2 teaspoon salt | 2 teaspoons dijon mustard,"In a large pot, over medium-high heat, bring water to a boil. Add the pasta and cook until al dente. Drain and set aside. Once the pasta is cooked, start on the cheese sauce. Warm 1 cup of the milk in a saucepan over medium heat. In a medium bowl, whisk together the remaining ½ cup of milk and the 2 tablespoons of flour until there are no lumps and set aside. When the milk in the pot is warm, and you begin to see steam rising from the milk, whisk in the milk-and-flour mixture. Continue whisking until the milk thickens slightly to the consistency of heavy cream, for about 2 to 3 minutes. Turn the heat down to low and add the shredded cheese into the milk. With the whisk, stir to combine. Add in the salt and dijon mustard. Continue to stir until all the cheese has melted and the sauce is creamy. Turn off the heat. Add the pasta to the sauce and stir until it’s evenly coated. Preheat the thermos container with boiling water. This step is optional, but it helps. Heat the mac and cheese in the microwave or stovetop to a piping-hot temperature. Drain the water from the thermos. Fill the thermos with the very hot mac and cheese. Close the thermos container and pack it inside a lunch bag with your choice of snacks. Include an ice pack to keep the other ingredients chilled, if desired.",30 minutes,https://www.momables.com/thermos-macaroni-and-cheese/
Spinach Bacon Mini Quiches,6  eggs | 3 tablespoons milk | 3/4 cup spinach (finely chopped) | 1 cup cheddar cheese (shredded) | 4 strips bacon (cooked and chopped) | Dash of pepper | 4-6  mini quiches | Fruit &amp; veggies | Lunch sides,"Preheat oven to 350F and grease a 24-count mini muffin pan. See the note below regarding cooking time if using a regular muffin pan. In a large bowl, whisk eggs and milk. Add in chopped spinach, shredded cheddar, chopped bacon, and pepper. Give it a quick mix to combine all ingredients. Distribute the egg mixture evenly into the muffin pan cups, filling them about 3/4 of the way up. Bake in the preheated oven for 15-18 minutes. Remove the pan from the oven and let them cool in the pan before carefully removing them with a small knife or small spatula. Once cooled, refrigerate the mini quiches in an airtight container or zip bag for up to 3 days. To enjoy these at room temperature, place 4 to 6 mini quiches inside the main compartment of a lunch container. To eat warm, heat the mini quiches in the microwave for 1 minute, stopping the microwave halfway through to flip them over. Immediately transfer them inside a thermos container and close the lid. Finish packing this lunch by adding fruit, veggies, and any other sides inside a bento box. Pack everything inside a lunch bag.",23 minutes,https://www.momables.com/spinach-bacon-mini-quiches/
Grilled Tuna Melt Sandwich Lunch,5 ounce canned tuna (drained (1 5-ounce can)) | 1 tablespoon onion (finely diced) | 1/2 stalk celery (finely diced) | 1 teaspoon sweet relish | 1 1/2 tablespoons mayonnaise | 1/4 teaspoon garlic powder | 2 slices thick sandwich bread (such as Italian or French bread) | 1/2 tablespoon butter (for grilling) | 1 slice Cheddar cheese,"In a medium bowl combine the tuna, onion, celery, sweet relish, mayonnaise, and garlic powder. Stir to combine. Place the bread on a flat surface. Spread the butter over each slice and flip. Spread the tuna fish salad over one slice of bread, top with cheese, and assemble the sandwich. In a non-stick pan or griddle over medium-high heat, place the sandwich and grill for 2 to 3 minutes, until the bread is golden brown. Flip and continue to grill until the cheese is melted. Remove from heat and serve immediately or pack it for lunch. If packing in a lunchbox, allow the sandwich to cool down to room temperature before packing it. Once cooled, place into a lunch container with fruit, veggies, and your favorite sides.",15 minutes,https://www.momables.com/grilled-tuna-melt-sandwich-lunch/
Healthy Bento Box Lunches for US Kids,1  serving of protein | 1  serving of carbohydrates | 1  serving of fruit | 1  serving of veggies | 1  serving dip or sauce (optional) | 1  serving of a healthy treat (optional),"Start with selecting a protein for your bento box. This can be a hard-boiled egg, rolled-up deli meat, or leftover grilled proteins. Protein is an essential macronutrient that also helps keep kids full. It can stand alone or be an ingredient of a sandwich or wrap, for example. Select a complex carbohydrate for lunch. This can be whole-grain bread to make a sandwich with the above protein, crackers, or leftover pasta. Carbohydrates are an essential source of energy, fiber, and help fill up hungry bellies. Wash, peel, and prep a serving of fruit. Fruit is rich in vitamins and fiber and is perfect for a child's lunch. Wash, peel, and prep a serving of veggies. Bite-sized veggies or pieces that are crunchy and dippable are a kids' favorite. Veggies add fiber, vitamins, and minerals to a lunch. Dips such as homemade ranch, hummus, or sauces are a great addition to a bento-style lunchbox. They can add flavor and nutrition and are a great vessel for consuming more veggies. Consider including a small treat in the lunchbox to keep kids looking forward to enjoying their bento-style lunches. Separate wet and dry ingredients from each other. Crackers, for example, should go in their own compartment so they don't absorb moisture from other foods. Place dips and sauces in small lidded containers. This will prevent other items from getting soggy and minimize any potential mess. Bite-sized pieces for younger kids. Younger kids tend to love lunch for socializing and chatting with their friends. Cutting up food items into smaller pieces or quartering sandwiches can help make sure kids take bites between their conversations. Make portions appropriate. Make sure you're packing enough food to keep hunger at bay as well as not too much since it can lead to food waste or anxious feelings for not finishing their lunch.",5 minutes,https://www.momables.com/what-is-bento-box/
Cheese &amp; Salsa Lunchbox Mini Quiches: Recipe + Video,6  eggs | 3 tablespoons milk | 1/2 cup salsa | 1 cup cheddar (shredded) | 1/4 teaspoon salt | 1/4 teaspoon pepper | 4-6  mini quiches | Fruits &amp; veggies | Lunch sides,"Preheat the oven to 350F and grease a 24-count mini muffin pan. See the note below regarding cooking time if using a regular muffin pan. In a large bowl, whisk the eggs, milk, and salsa. Add cheese, salt, and pepper and whisk to combine. Distribute the egg mixture evenly into the muffin pan cups, filling them about 3/4 of the way up. Bake in the preheated oven for 15-18 minutes. Remove the pan from the oven and let them cool in the pan before carefully removing them with a small knife or small spatula. Once cooled, refrigerate the egg cups in an airtight container or zip bag for up to 3 days. To enjoy these at room temperature, place 4 to 6 mini quiches inside the main compartment of a lunch container. To eat warm, heat the mini quiches in the microwave for 1 minute, stopping the microwave half way through to flip them over. Immediately transfer them inside a thermos container and close the lid. Finish packing this lunch by adding fruit, veggies, and any other sides inside a bento box. Pack everything inside a lunch bag.",23 minutes,https://www.momables.com/easy-lunchbox-mini-quiches-recipe/
Chicken and Hummus Bistro Box,3 ounces cooked chicken breast (sliced) | 2 tablespoons hummus (your favorite) | 1   pita (sliced in wedges) | 1/2 cup cucumber slices | 1/2 cup cherry tomatoes | 1 tablespoon feta cheese cumbles (optional),"Slice the cooked chicken breast and place them inside the main compartment of the lunch container. Place the cucumber slices and the cherry tomatoes in another compartment or with the sliced chicken. Store the pita wedges in another compartment to keep them fresh until lunch time. Fill a small lidded container with hummus or add a single-serve hummus to the lunch. If you enjoy crumbled feta, pack it in a small lidded container, sprinkled over the hummus, or in another compartment. Refrigerate this lunch until placed inside an insulated lunch bag and is sent to school. Ice packs are optional.",5 minutes,https://www.momables.com/starbucks-chicken-and-hummus-bistro-box-lunch/
Homemade Fruit Cups for Lunches,2 cups fresh fruit (washed and diced) | 8 ounces lemonade,"Wash, prep, and dice your child&#39;s favorite fruits. 2 cups diced fruit is the equivalent of 4 large strawberries, 1 medium orange, 1 medium apple or nectarine, for example. Fill each lidded container about 3/4 full with fruit. Pour and divide the lemonade inside all 4 cups. You don&#39;t need to fill each cup to the top to cover the fruit. Close the lid, and give it the contents a quick shake to coat all the fruit with the lemonade. The citric acid in the lemonade helps slow down the oxidation (browning) process. Refrigerate up to 2 days.",5 minutes,https://www.momables.com/homemade-fruit-cups-recipe/
Southwest Quinoa Salad,1 cup quinoa (rinsed and drained) | 2 cups water | 3/4 cup jarred salsa | 1 teaspoon chipotle chili powder | 1 teaspoon ground cumin | 1 cup frozen corn (thawed) | 1 15- ounce can black beans (rinsed and drained) | 2  medium tomatoes (chopped) | 1/4 cup finely chopped cilantro | 3  green onions (thinly sliced) | 1/2 cup plain yogurt | 1 tablespoon lime juice | 1 teaspoon salt | 1/2 teaspoon black pepper | 1 teaspoon garlic powder | 1  avocado (optional) | 1 cup shredded Cheddar cheese,"Bring the water to a boil, then stir in the quinoa, lower the heat and reduce to a simmer. Cook for 10 minutes and turn off heat. Cover and let sit for 6 minutes - you'll know the quinoa is ready when you see the little white ""tail"" of the germ around the outside edge of each seed. Once quinoa is done, add salsa, chili powder, and cumin, fold to combine well. Stir in the corn, black beans, tomatoes, cilantro, and green onions. Fold a few times until thoroughly combined. In a small bowl, whisk the yogurt, lime juice, salt, pepper, and garlic. Add the dressing to the salad and toss to combine. Serve with avocado and cheese and garnish with additional cilantro, if desired. Pack quinoa salad leftovers in a lunchbox container and the dressing into mini sauce containers. If packing avocado, add it to the lunchbox the same morning to keep it from browning. Refrigerate until it’s time to pack it for school. Add an ice pack inside the lunch bag if needed. This salad is great eaten cold or at room temperature as well.",25 minutes,https://www.momables.com/southwest-quinoa/
Grilled PBJ Lunchbox,"2 slices of sandwich bread | 1 1/2 tablespoons peanut butter | 1 1/2 tablespoons jelly (jam, or preserves) | Butter (for grilling) | 1  apple (sliced) | 1/2 cup grape tomatoes","Heat a non-stick pan over medium heat. Spread the peanut butter onto 1 slice of bread, followed by the jelly and the remaining slice of bread. If you are packing this in the lunchbox, make sure not to add too much jelly, or it will ooze out of the sandwich. Butter both sides of the sandwich and place it into the hot pan. Grill for 2 minutes before flipping and grilling for an additional 2 minutes or until the sandwich is golden brown on both sides. Remove the sandwich from heat and allow it to cool down to room temperature before packing it into a lunch container. Pack the sliced apples and grape tomatoes into separate compartments. Close the lunchbox and pack it into a lunch bag.",6 minutes,https://www.momables.com/grilled-pbj-lunchbox/
Bento Box with Dill Pickles,3-4  small dill pickles | 8  pitted olives | 1 cup cherries or fruit of choice | 1- ounce cheese (cut into 4 squares) | 1- ounce whole grain crackers,Wash the fruit and slice the cheese. Place them inside a lunch container. Pack the pickles and olives into the same compartment and place the crackers into a separate compartment to keep them dry. Close the lunchbox and place it into a lunch bag with an ice pack.,5 minutes,https://www.momables.com/bento-box-with-dill-pickles/
Healthy Cajun Jambalaya Thermos Recipe,8 ounces chicken breasts (boneless skinless) | 2 teaspoons Creole seasoning | Coconut oil (for cooking) | 8 ounces sausage (sliced) | 2  medium bell peppers  (cut into bite-size strips) | 1  small red onion (finely chopped) | 2  cans stewed tomatoes (drained) | 3 cups cauliflower rice,"In a medium bowl, combine the chicken and seasoning and gently toss. In a large skillet, set over medium-high heat, heat the coconut oil. Add the seasoned chicken and sausage. Cook for 3 to 4 minutes stirring frequently, until the chicken begins to brown. Add the bell peppers and red onion. Cook for 2 minutes more, stirring frequently. Add the tomatoes, breaking up any large pieces with a spoon. Stir in the cauliflower rice. Cover and cook until the chicken is no longer pink and the cauliflower rice has absorbed all liquid. Remove from heat and serve.",10 minutes,https://www.momables.com/healthy-cajun-jambalaya/
Crunchy Cauliflower Pasta Salad,12 oz dry macaroni pasta (or shells) | 2 teaspoons Cajun or Creole seasoning | 1/2 cup mayonnaise or plain Greek yogurt | 2 cups chopped cauliflower (or cauliflower rice) | 2 cups peas and carrots (frozen),"In a large bowl, combine mayo and seasoning, set aside. Cook the pasta according to package directions. Drain and transfer into the large bowl with the mayo and seasonings. To the bowl, add the cauliflower, peas and carrots, and toss to combine. Cover and refrigerate for approximately 2 hours or until ready to serve. Store in the refrigerator for up to 3 days. Place the pasta salad inside your favorite lunch container. Pack along with your favorite lunch sides inside a lunch bag with an ice pack, if necessary.",20 minutes,https://www.momables.com/sneaky-cauliflower-crunch-salad/
Healthy Curried Chicken Salad Wrap Lunch,2 tablespoons plain Greek yogurt | 1 teaspoon curry powder | 4 oz (1/2 cup) cooked chicken (finely chopped or shredded) | 1/3 cup grapes (halved) | Lettuce leaves | 1  large tortilla | Fruit | Veggies,"In a medium bowl, combine the plain Greek yogurt with the curry powder. Add the chopped or shredded cooked chicken to the mixture and mix it until all the chicken has been coated well. Add the sliced grapes to the chicken salad and mix. Place the tortilla on a flat surface and layer a couple of lettuce leaves on top. Scoop the curried chicken salad on top of the lettuce, placing it in the middle of the tortilla. Fold in the two sides and then one end over the chicken salad, rolling it tightly into a wrap. Slice in half. Place the chicken wrap inside the main compartment of a lunchbox along with some fruit and veggies. Cover with the lid and refrigerate until ready to pack inside a lunch bag with or without an ice pack.",5 minutes,https://www.momables.com/curried-chicken-salad-wrap/
Easy Lunchbox Tacos,"2  mini flour tortillas | 1 cup lettuce (chopped) | 3-4 ounces sliced deli ham (turkey, or chicken) | 1 slice cheese (halved) | 1  peach (pitted and sliced) | 1/2 cup halved strawberries","Place the tortillas onto a flat surface and top two with the lettuce, ham, and cheese. Fold the tortillas. Pack the tacos into a compartmentalized lunch container. Add the fruit and additional snacks into the empty compartments to keep them separate from the tortillas. Close the lunch container and pack it into a lunch bag with an ice pack.",5 minutes,https://www.momables.com/lunchbox-tacos/
Guacamole and Protein Bento Box,1/2  red bell pepper (cut into 1/4-inch strips) | 1/2 cup grapes | 3 ounces deli turkey (rolled) | 1- ounce cheese (sliced) | 1  hard-boiled egg (halved) | 1 serving of whole grain crackers | 1  guacamole dip pack,"Wash the fruit and veggies and slice as needed. Add the deli turkey, hard-boiled eggs, and cheese to a compartmentalized lunch container. You can pack the veggies and fruit in the same compartments as the protein or separate if you have enough room. To keep the crackers dry, place them in their own compartment or container. Close the lunch box. Add the guacamole cup to a lunch bag along with the bento box and an ice pack.If packing your own guacamole, add it to a sauce container and pack it into the lunch bag.",5 minutes,https://www.momables.com/guacamole-and-protein-bento/
Grilled PBJ Sandwich,"2 slices sandwich bread | 1 1/2 tablespoons peanut butter | 1 1/2 tablespoons jelly (jam, or preserves) | Butter (for grilling)","Heat a non-stick pan over medium heat. Spread the peanut butter onto 1 slice of bread, followed by the jelly and the remaining slice of bread. If you are packing this in the lunchbox, make sure not to add too much jelly, or it will ooze out of the sandwich. Butter both sides of the sandwich and place it into the hot pan. Grill for 2 minutes on the first side before flipping it over and grilling it for an additional 2 minutes or until the sandwich is golden brown on both sides. Remove the sandwich from heat and serve. Allow the grilled sandwich to cool down to room temperature before packing it into a lunch container.",6 minutes,https://www.momables.com/grilled-pbj/
Healthy Chicken Salad Lunch,1  whole roasted chicken (meat off) | 1/2 cup finely chopped celery | 1  lemon (juiced) | 1/3 cup mayonnaise | 1/4 teaspoon salt | 1/2 teaspoon pepper | 1 teaspoon Creole Seasoning (optional) | 1/2 cup chicken salad | 6-8  whole grain crackers | 1  apple (sliced),"Put chicken meat in a food processor and pulse a few times to roughly chop. Continue pulsing for about 30 seconds until the chicken is finely chopped. *If you turn &quot;on&quot; the food processor, your chicken will become a &quot;paste&quot; instead, use the pulse method until it&#39;s very finely chopped. In a bowl, whisk the lemon juice, mayonnaise, salt, pepper, creole seasoning. Add the chopped celery and the chicken into the bowl, and mix to combine all the ingredients. Transfer the chicken salad inside a large container and refrigerate for up to 4 days. Scoop ½ cup of chicken salad in the main compartment of a lunch box. Pack the apple slices in a separate compartment or the same one as the chicken salad -these two can go in the same one if necessary. In another compartment or small container, pack the crackers. Refrigerate the lunch box until it’s time to pack it for school. Add an ice pack inside the lunch bag.",10 minutes,https://www.momables.com/chicken-salad-lunch/
Veggie Mac &amp; Cheese Soup | Easy Thermos Lunch,"1 1/2 cups dry macaroni pasta (or other) | 32- ounce carton reduced-sodium chicken broth/stock | 16- ounce bag frozen broccoli (cauliflower, and carrot blend) | 1/4 cup whole milk or half and half | 1 1/2 cups shredded Cheddar cheese | 6- ounce box macaroni and cheese | 32- ounce carton reduced-sodium chicken broth/stock | 16- ounce bag frozen broccoli (cauliflower, and carrot blend) | 1/4 cup whole milk or half and half | 1 cup shredded Cheddar cheese","Cook the pasta according to the package directions. In a large saucepan, bring the broth to a boil over high heat. Add the vegetables, and cook until tender, about 5 minutes. Reduce the heat to medium. Add the cooked macaroni, shredded cheese (or powdered cheese), and milk to the veggies and broth. Stir to combine until the cheese is completely melted. Remove from heat.  Preheat the thermos container with boiling water. This step is optional, but it helps. Heat the soup in the microwave or stovetop to a piping-hot temperature. Drain the water from the thermos. Fill the thermos with the very hot soup. Close the thermos container and pack it inside a lunch bag.",15 minutes,https://www.momables.com/veggie-mac-and-cheese-recipe/
Salmon Nicoise Salad Lunchbox,1/4 head Romaine lettuce (chopped) | 1/4 cup cherry tomatoes (halved) | 1/4 cup steamed green beans | 2  small red potatoes (roasted and diced) | 1 2oz packet salmon | 1/2  hard-boiled egg (sliced) | 1/8 cup pitted Kalamata olives | 1/8 cup Balsamic vinaigrette,"Place the chopped lettuce into a large bowl. Top with cherry tomatoes, steamed green beans, potatoes, salmon, egg, and olives, making rows of each ingredient. Drizzle with vinaigrette and toss to combine. Assemble the salad into lunch containers. Pour the dressing in a lidded sauce container and pack it with the salad. Place inside a lunch bag with an ice pack.",10 minutes,https://www.momables.com/salmon-nicoise-salad-lunch/
Spaghetti Carbonara,"1/2 pound dried spaghetti | 4 slices of thick-cut bacon (about 4 ounces, cut into small cubes) | 3/4 cup diced yellow onion | 2  garlic cloves (minced) | 1 cup shredded Parmesan cheese | 2  eggs | 1 teaspoon freshly ground black pepper | Italian flat-leaf parsley (chopped, for garnish)","In a large pot, over medium-high heat, bring water to a boil. Once water is boiling, cook pasta until al dente. When pasta is ready, reserve 1/2 cup of pasta water, drain pasta, and set aside. In a large skillet, saute bacon over medium-heat high. When bacon is browned and just beginning to crisp, add garlic and onion. Continue to cook, stirring frequently, until bacon is brown and crisp and onions are translucent. In a separate dish, whisk together eggs, parmesan, and pepper and set aside. Turn heat to low and add the drained pasta to onion, garlic, and bacon in the skillet. Mix pasta and cooked bacon and pour egg mixture over pasta. Working quickly, use tongs to toss and combine pasta with egg, bacon and onions. If pasta is too dry, add a tablespoon of reserved pasta water at a time, until a creamy consistency is reached. This will create a ""sauce"". Garnish with parsley, black pepper and additional parmesan cheese.",25 minutes,https://www.momables.com/spaghetti-carbonara-recipe/
Chili Mac Thermos Lunch,1 lb ground turkey or beef | 1  medium onion (diced) | 2 tablespoons chili powder | 2 teaspoons cumin | 1 teaspoon dried oregano | 1 teaspoon salt | 3 cloves garlic (minced) | 15- ounce can of diced tomatoes | 15- ounce can of tomato sauce | 4- ounce can of green chilis | 15- ounce can of red kidney beans (rinsed and drained) | 15- ounce can of black beans (rinsed and drained) | 8 ounces elbow macaroni | 2 1/2 cups chicken or beef broth | 1/2 cup shredded Cheddar cheese (plus more for topping),"In a large skillet, brown the beef over medium-high heat. Add the onions, spices, salt, and garlic. Sauté until fragrant, and the onions are translucent. Add the tomatoes, sauce, chilis, beans, macaroni, and broth, and stir to combine. Bring to a boil, then reduce heat to medium and simmer for 12 to 15 minutes or until the macaroni is al dente. Remove from heat and stir in 1/2 cup of cheese until it’s completely melted. Preheat the thermos container with boiling water. This step is optional, but it helps. Heat the chili mac in the microwave or stovetop to a piping-hot temperature. Drain the water from the thermos. Fill the thermos with about 1 1/2 cups of chili mac, and top with additional cheese. Close the thermos container and pack it inside a lunch bag with your choice of snacks. Include an ice pack to keep the other ingredients chilled if needed.",25 minutes,https://www.momables.com/chili-mac-thermos/
Creamy Sun Dried Tomato Pasta with Chicken - Thermos Lunch Idea,8 ounces penne pasta | 4- ounce jar sundried tomatoes in oil | 3  garlic cloves (minced) | 1 pound chicken breasts (cubed) | 1/4 teaspoon salt | 1/2 teaspoon Spanish paprika | 1 cup half &amp; half or milk | 1 tablespoon Italian seasoning | Parmesan cheese (optional),"In a large pot, bring pasta water to a boil and cook pasta according to package directions. Once cooked, reserve 1 cup of pasta water and drain. Set the pasta aside.  While the pasta cooks, on a cutting board, finely chop sun-dried tomatoes. Season chicken with salt and paprika.  In a large 10-12 inch skillet over medium heat, heat up a tablespoon of the sun-dried tomato jar's oil and sauté the chicken until it’s browned on both sides and cooked through.  To the same pan, add the sun-dried tomato pieces and garlic, and sauté for an additional minute. Add half and half to the skillet and stir to combine. Bring to a simmer over medium-low heat, stirring occasionally to combine liquid and sundried tomatoes. Once a thick sauce is formed, add Italian seasoning and stir.  Add cooked pasta to the skillet and combine with sauce. Add ½ cup of the reserved water, and mix throughout to thin out the sauce. If it’s too thick, add in the additional reserved pasta water. Mix to combine.  Serve and sprinkle parmesan cheese and red pepper flakes if desired. To pack for lunch, preheat the thermos container with boiling water.  Drain and fill the thermos with the pasta and seal the container.  Place the thermos in a lunch bag and pack it with your choice of snacks and an ice pack. ",30 minutes,https://www.momables.com/creamy-sun-dried-tomato-chicken-and-pasta-skillet-meal/
Gluten-Free Spinach Tortillas,3 cups packed spinach (cleaned and stems removed) | 1/4 cup water | 1 cup all-purpose gluten-free flour (I use King Arthur GF Flour) | 1/4 teaspoon baking powder | 4 tablespoons oil | 1/2 teaspoon salt,"In a large skillet, cook the spinach and water over medium heat until soft. Drain the excess water from the spinach, and set it aside for use in the dough. Place the spinach in a food processor (or blender) and process until smooth. Add the flour, baking powder, oil, and salt. Mix until crumbly. Add the reserved water from cooking the spinach, slowly as needed, until a smooth dough is formed. Divide the dough into equal parts, then roll into thin circles (dust with flour, as needed). Try to achieve about a 6-inch tortilla. Heat in a pan, one at a time, on the stove on medium heat. Toast on each side until it starts to bubble or golden dots appear. Serve with your favorite fillings!",32 minutes,https://www.momables.com/gluten-free-spinach-tortillas-recipe/
Teriyaki Chicken Thermos Lunch Bowls,"1 1/2 pounds chicken breasts or thighs (boneless skinless) | 1/4 cup brown sugar, (honey, or coconut palm sugar) | 1/2 cup coconut aminos, (soy sauce, or Braggs) | 1/4 cup water | 1  small garlic clove (grated) | 1 teaspoon fresh ginger (grated) | Cooked rice (optional) | Green onions (chopped)","Pound chicken breasts or thighs to 1/4 inch thin by starting in the middle and working out to the edges. In a medium bowl, whisk the brown sugar, coconut aminos, water, grated garlic, and ginger until combined. Place the chicken inside a glass container or large gallon zip bag and add the sauce. Seal and shake to combine.  Marinade the chicken for 30 minutes or overnight for more flavor.  In a large skillet, heat the oil over medium heat. Add the chicken and cook for 3 minutes on each side or until browned; remove from the skillet. Repeat the process with the remaining chicken, if necessary.  Once the chicken is cooked, pour the contents of the zip bag into the pan. Bring the sauce to a boil, then reduce heat to medium-low and simmer for 2 minutes or until thickened.  Bring the chicken back to the skillet and toss to combine with the sauce. Remove from heat.  Serve over steamed rice or cauliflower rice and garnish with green onions, optional.",45 minutes,https://www.momables.com/teriyaki-chicken-lunch-bowls/
Mini Tuna Balls,2 6-ounce cans of tuna (or pouches) (drained) | 1/4 cup bread crumbs | 1  egg (whisked),"Preheat the oven to 350F. Lightly grease or line a baking sheet with parchment paper. In a medium bowl, break up the tuna with a fork until you have small, even flakes. Add the whisked egg and combine with the tuna. Add half of the bread crumbs to the tuna mixture and mix. Add the rest and mix well. The mixture should be a little wet and smooth enough to form balls. With your hands, shape the tuna mixture into medium-sized 1-inch round balls and place them on the baking sheet as you go. Bake for 15 to 20 minutes, flipping them over after 10 minutes to help them brown on both sides. Remove them from the oven and serve warm. Refrigerate leftovers for up to 4 days or freeze them for up to 3 months. These tuna balls can be enjoyed at room temperature, packed in a lunch container or hot packed inside a thermos container.",30 minutes,https://www.momables.com/mini-tuna-balls/
Banana Split Bites,12  pieces pineapple (1 inch each) | 1  banana cut into bite-sized pieces (make sure your bananas aren't too ripe) | 6  medium sized strawberries (cut in half) | 2.5 oz dark chocolate | 1 teaspoon coconut oil | Chopped nuts or coconut (optional),"Cut fruit and assemble into stacks. Press a popsicle stick through the fruit and freeze until solid, about 2 hours. Prepare a baking sheet with parchment paper. Melt the chocolate along with the coconut oil on the stove-top or in the microwave, stirring frequently to prevent burning. Once completely melted, remove the frozen fruit from the freezer. Dip the fruit in the chocolate, let the excess drip off and then place on the sheet to harden. If desired, dip the chocolate covered side immediately in chopped nuts or coconut before placing them on the sheet to harden. Once the chocolate is completely hardened, remove from the sheet and place in an airtight container to store in the freezer until ready to serve.",10 minutes,https://www.momables.com/banana-split-bites-recipe-better-than-fruit-salad/
Teach Your Kids How to Cook,16 ounce bag of broccoli florets (thawed) | 3  eggs | 1 cup bread crumbs | 1 cup shredded sharp cheddar cheese | 2 teaspoons Italian seasoning | 1/2 teaspoon garlic powder | 1/4 teaspoon salt,"Preheat oven to 375 degrees. Place broccoli florets inside a food processor and pulse until finely chopped. Add eggs, breadcrumbs, cheese, and seasoning to the veggie mixture. Process a few pulses until every combined. Using a small cookie scoop, place veggie nugget scoops onto a parchment-lined baking sheet. Gently press them down so all nuggets are the same height. Bake for 20-25 minutes until the tops are golden. Remove from the oven and allow them to cool slightly prior to serving. Store leftovers in an airtight container and refrigerate up to 3 days.",10 minutes,https://www.momables.com/teach-your-kid-how-to-cook-by-age/
Thermos Tomato Tortellini Soup,1/2 pound Italian sausage (optional) | 1/4 cup red pepper (chopped) | 2  garlic cloves (minced) | 28- ounce can crushed tomatoes | 2 tablespoons prepared basil pesto (optional) | 4 cups chicken or vegetable broth | 2 cups half and half | 1 teaspoon onion powder | 1 tablespoon Italian seasoning | 9- ounce package cheese-filled tortellini | 1/4 cup grated Parmesan cheese (plus more for serving) | Salt and fresh ground black pepper (to taste),"In a large soup pot, brown sausage over medium heat. Add the chopped red pepper and sauté till tender. Add the garlic and sauté for 30 seconds. Drain any additional grease from the sausage. Add the crushed tomatoes with liquid, basil pesto, broth, half and half, onion powder, and Italian seasoning. Bring the mixture to a simmer and stir in tortellini and parmesan cheese. Continue to simmer until cheese is melted and tortellini is cooked. Season to taste with salt and black pepper. Serve with remaining Parmesan cheese. Preheat the thermos container with boiling water. This step is optional, but it helps. Heat the soup in the microwave or stovetop to a piping-hot temperature. Drain the water from the thermos. Fill the thermos with the very hot soup. Close the thermos container and pack it inside a lunch bag.",25 minutes,https://www.momables.com/creamy-tomato-tortellini-soup/
Easy Chicken and Rice Lunch Soup,1 tablespoon olive oil | 1  medium yellow onion (finely chopped) | 2 cloves garlic (minced) | 2  medium carrots (chopped) | 1/2 cup celery (chopped) | 1/2 teaspoon dried thyme or poultry seasoning | 1  bay leaf | 64 ounce low sodium chicken stock ((2 32-ounce containers)) | 1 cup water | 1 cup long grain white rice | 2 cups shredded cooked chicken (from a rotisserie chicken),"In a large soup pot, heat oil over medium-high heat. Add the onion, garlic, carrots, celery, thyme, and bay leaf. Cook and stir until the veggies are soft, about 5 minutes. Add the chicken stock and water. Bring to a boil. Add the rice and chicken meat, stir and cook over medium-low heat until the rice is tender, about 25 to 30 minutes. Preheat the thermos container with boiling water. This step is optional, but it helps. Heat the soup in the microwave or stovetop to a piping-hot temperature. Drain the water from the thermos. Fill the thermos with the very hot soup. Close the thermos container and pack it inside a lunch bag.",40 minutes,https://www.momables.com/easy-chicken-and-rice-soup/
Healthy Homemade Chicken Nuggets,1 lb ground chicken | 1/4 cup old-fashioned oats | 1/4 cup grated Parmesan cheese (divided) | 1 teaspoon Creole Seasoning (divided or paprika) | 1/2 teaspoon garlic powder | 1/4 teaspoon black pepper | 3/4 cup breadcrumbs or gluten-free breadcrumbs,"Preheat oven to 375F and line a baking sheet with parchment paper. In a large bowl, combine chicken, oatmeal, half of the grated parmesan (1/8 cup), half of the Creole seasoning (or paprika), (1/2 teaspoon), garlic powder and pepper. Knead dry ingredients into ground chicken. Moisten hands to prevent sticking and form 1 tablespoon of chicken mixture into a ball. Press into a cookie cutter for shaped nuggets or flatten with fingers for a basic nugget shape. In a small bowl, combine breadcrumbs with remaining Creole seasoning and grated parmesan. Press nuggets into bread crumb mixture and turn over, patting crumbs into the surface to coat evenly, place on to the cookie sheet. Place nuggets onto the cookie sheet and spray them with cooking oil spray for a crispy crust (optional). Bake in the preheated oven for 18 to 20 minutes, flipping them over halfway through. Remove from oven. These baked nuggets don’t brown but will dry out if you cook them too long. Check for doneness around minute 18. Allow the nuggets to cool down at room temperature before packing them in a lunch container with fruit and veggies. If adding a dip, pack it in a sauce container. Refrigerate until ready to pack inside a lunch bag.",28 minutes,https://www.momables.com/lunchbox-wars-4-chicken-nuggets/
Chicken Noodle Soup in a Thermos,"1 1/2 pound chicken breasts or thighs (boneless, skinless) | 4  large carrots (peeled and chopped) | 1  medium yellow onion (diced) | 2 ribs celery (chopped) | 3 cloves garlic (minced (or 1 1/2 teaspoon dried)) | 3 tablespoons extra virgin olive oil | 1/2 teaspoon dried thyme | 1/2 teaspoon dried parsley | 1 leaf bay | 6 cups low-sodium chicken stock/broth | 1 cup water | 2 cups uncooked pasta (wide egg noodles, spaghetti, or fusilli)","In a large (6 quart) crockpot, place all the ingredients except the pasta. Cook for 6 hours on low heat or 4 hours on high. After 4 or 6 hours (depending on temperature), remove the chicken and chop into bite-size pieces. Place the chicken back in the crockpot. Add in the pasta, turn the heat up to high, cover, and cook for another 15-20 minutes, until pasta is tender. Discard the bay leaf, and serve the soup immediately. To pack for lunch, preheat the thermos container with boiling water.  Drain the water and fill the thermos with hot soup.  Seal the container and pack it into a lunch bag with desired snacks and an ice pack, if needed. ",250 minutes,https://www.momables.com/chicken-noodle-soup-in-a-thermos/
Taco Grilled Cheese School Lunch,2 slices thick bread (such as Italian or rustic bread) | 1/2 tablespoon butter (for grilling) | 2 slices Cheddar cheese | 3 tablespoons cooked leftover taco-seasoned beef | 1 tablespoon fresh salsa | 1/4  avocado (sliced) | 1 tablespoon black olives | 1 tablespoon sour cream (optional) | 1/2 tablespoon chopped cilantro (optional),"Lay the bread on a flat surface. Spread butter over each slice, flip and place one slice of cheese onto each slice of bread. Top one slice of bread with beef, salsa, avocado, olives, sour cream, and a sprinkle of chopped cilantro. Close the sandwich, making sure the cheese is against the bread on both sides. In a non-stick pan or griddle, over medium-high heat, place the sandwich and grill for 2 to 3 minutes until it’s golden and the cheese has begun to melt. Flip and grill on the other side for an additional minute or 2 until it’s golden, crispy, and the cheese has melted. Remove from heat and serve immediately. If packing in a lunchbox, allow the sandwich to cool down to room temperature before slicing and packing in a lunch container. In another compartment or container, store fruit, veggies, and your favorite sides.",15 minutes,https://www.momables.com/taco-grilled-cheese-sandwich/
Chicken and Broccoli Alfredo Thermos,"8 ounces rotini pasta | 12 ounces broccoli florets (chopped) | 2 tablespoons oil | 1 pound boneless skinless chicken breasts (cut into thin diagonal slices) | 2 tablespoons unsalted butter | 2 tablespoons all-purpose flour | 1 cup chicken broth | 1 cup whole milk (or more, as needed) | 1/4 cup heavy cream | 1/4 teaspoon garlic powder | ½ teaspoon Italian seasoning | 1/2 cup freshly grated Parmesan (divided)","Prepare the pasta according to the package directions. In the final 3 minutes of cooking, add broccoli to the pasta and cook the remaining time. Drain pasta. In a 12-inch skillet, heat the oil over medium-high heat. Add the chicken to the skillet and cook for 2 minutes before flipping and cooking an additional 2 minutes. Remove the chicken pieces from the pan and set aside. Melt butter in the skillet over medium heat. Whisk in flour until lightly browned, about 1 minute. Gradually whisk in chicken broth and milk, and cook, whisking constantly until incorporated, about 1-2 minutes. Stir in heavy cream, garlic powder, and Italian seasoning until slightly thickened, about 1-2 minutes. Add in 1/3 cup Parmesan until well combined, about 1 minute. If the mixture is too thick, add more milk as needed. Stir in the pasta, broccoli, and chicken. Serve and sprinkle with additional Parmesan cheese.  Preheat the thermos container with boiling water. This step is optional, but it helps. Heat the chicken Alfredo in the microwave or stovetop to a piping-hot temperature. Drain the water from the thermos. Fill the thermos with the very hot chicken and broccoli Alfredo. Close the thermos container and pack it inside a lunch bag with your choice of snacks.",25 minutes,https://www.momables.com/chicken-and-broccoli-alfredo-recipe/
Ham and Cheese Egg Muffins,1/2 cup ham (diced) | 6  eggs | 1/4 cup plain Greek yogurt | 3 tablespoons milk | 1 cup shredded cheddar | 1/4 teaspoon salt | 1/4 teaspoon pepper | 4-6  egg muffins | Fruit &amp; veggies | Lunch sides,"Preheat the oven to 350F and grease a 24-count mini muffin pan. See the note below regarding cooking time if using a regular muffin pan. In a large bowl, whisk eggs, plain Greek yogurt, and milk. Add ham, cheese, salt and pepper. Distribute the egg mixture evenly into the muffin pan cups, filling them about 3/4 of the way up. Bake in the preheated oven for 15-18 minutes. Remove the pan from the oven and let them cool in the pan before carefully removing them with a small knife or small spatula. Once cooled, refrigerate the egg muffins in an airtight container or zip bag for up to 3 days. To enjoy these at room temperature, place 4 to 6 egg muffins inside the main compartment of a lunch container. To eat warm, heat the egg muffins in the microwave for 1 minute, stopping the microwave halfway through to flip them over. Immediately transfer them inside a thermos container and close the lid. Finish packing this lunch by adding fruit, veggies, and any other sides inside a bento box. Pack everything inside a lunch bag.",23 minutes,https://www.momables.com/ham-cheese-mini-quiches/
Fruit Skewers,Blueberries | Grapes | Strawberries | Honeydew melon | Kiwifruit,Wash the fruit and pat dry. Cut about 2-inch slices of kiwifruit and melon. Use small cookie cutters to cut shapes out of the melon and kiwifruit. Assemble the skewers by alternating the fruit in a pattern of your choice.,10 minutes,https://www.momables.com/fruit-skewers/
Buffalo Chicken Lunch Bowls,½ cup cooked chicken (rotisserie or grilled) | 1 ½ tablespoons Buffalo sauce | 1 cup cooked rice | ¼ cup cherry tomatoes (halved) | 1 tablespoon blue cheese crumbles | ¼  avocado (diced) | Ranch dressing,"Chop or shred the cooked chicken into small pieces and place them in a bowl. Add the Buffalo sauce and toss to coat the chicken with the sauce Make a base of rice at the bottom of a bowl and top it with the Buffalo chicken. Warm it up in the microwave for about a minute, stopping to stir halfway through. Top with the cherry tomatoes, blue cheese, and diced avocado. Drizzle a little Ranch dressing over the top. Make a base of rice at the bottom of the lunch container). If have access to a microwave and plan on heating it up, pack the toppings separately; otherwise, enjoy it cold or at room temperature and top it with the cherry tomatoes, blue cheese, and avocado. Pack the Ranch dressing in a separate dressing container.",5 minutes,https://www.momables.com/buffalo-chicken-rice-bowls/
Protein Lunch Box with Lara Bar,2 ounces deli turkey | 1 ounce cheddar cheese (sliced) | 6  whole-grain crackers | 1  hard boiled egg | 1  serving of veggies | 1  serving of fruit | 1  Lara Bar,"On a flat surface, roll up the deli turkey slices and cut them into a few pieces. Place them inside the lunch container. Slice 1 to 2 slices of cheddar cheese and place them in the lunch container. Peel and slice the hard-boiled egg in half or, into smaller pieces for younger kids. Place the hard boiled egg inside the compartment of the lunch container. Pack the crackers inside a separate compartment or zip bag so they stay fresh until lunchtime. Add fruit, veggies, and a Lara bar in separate compartments or containers. Refrigerate until you’re ready to pack it inside an insulated lunch bag and include an ice pack if necessary.",3 minutes,https://www.momables.com/protein-lunch-lara-bar/
Grilled Nutella Sandwich,2 slices sandwich bread | 2 tablespoons Nutella | Butter or spray (for grilling),Heat a non-stick pan over medium heat. Spread the Nutella butter onto 1 slice of bread and make a sandwich by placing the other slice of bread on top. Butter both sides of the sandwich and place it into the hot pan. Grill for 2 minutes on the first side before flipping it over and grilling it for an additional 2 minutes or until the sandwich is golden brown on both sides. Remove the sandwich from heat and serve. Allow the grilled sandwich to cool down to room temperature before packing it into a lunch container.,7 minutes,https://www.momables.com/grilled-nutella-sandwich/
School Lunch Ideas for Kids,1   flour tortilla (8 inches) | 1/4  avocado (mashed) | 2 slices bacon (cooked and crumbled) | 2 tablespoons cheddar cheese | 2 teaspoons mayonnaise,"In a small bowl, mash avocado and mix with mayonnaise. Place flour tortilla on a flat surface and spread the mayonnaise avocado mixture evenly throughout the flour tortilla. Top with crumbled bacon and shredded cheese. Roll tortilla tightly. Cut tortilla roll in half, and then into 1-inch pieces.",5 minutes,https://www.momables.com/school-lunch-ideas/
Trail Mix with Dried Fruit,1 1/2 cups banana chips | 1 cup dried mango | 1 cup dehydrated strawberries | 1/2 cup dried blueberries | 2 cups almonds,"Combine the dried fruit and nuts in a large bowl. With a spatula or wooden spoon, mix to combine. Transfer the trail mix inside an airtight container or pre-measure 2 tablespoons to 1/4 cup inside a snack bag or small container. Keep in the pantry for up to 1 month.",5 minutes,https://www.momables.com/trail-mix-with-dried-fruit/
Lunch Box Quinoa Salad with Veggies,3/4 cup water | 1/2 cup uncooked quinoa (rinsed) | 1/4 cup red bell pepper (chopped) | 1/2  small red onion (finely chopped) | 1/4 teaspoon curry powder | 2 tablespoons chopped fresh cilantro | 1/2  lime (juiced) | 1/4 cup minced carrots | 1/4 cup green peas | Salt &amp; black pepper (to taste),"Bring water to a boil, add the quinoa, and reduce the heat to low. Simmer for 15 minutes or until the water is absorbed and the quinoa is tender. Transfer the quinoa to a large bowl and refrigerate for 30 minutes or until chilled. Remove the quinoa from the fridge and add the bell pepepr, onion curry powder, cilantro, lime juice, carrots, and peas. Season with salt and black pepper, and toss to combine. Pack the quinoa salad into a lunch container with additional snacks. Close the container and pack it into a lunch bag with an ice pack.",10 minutes,https://www.momables.com/lunch-box-quinoa-salad/
School Lunch Philly Cheesesteak Grilled Cheese,2 slices thick bread (such as Italian or rustic bread) | 1/2 tablespoon butter (for grilling) | 1/8 cup finely diced onion and pepper mix (thawed) | 2 slices American cheese | 1/2 cup leftover grilled steak or 2 slices deli-cut roast beef,"Butter one side of each bread slice and set aside. Melt the butter on a griddle or skillet over medium-high heat. Add the onion and pepper mix, sauté for 3 to 4 minutes or until onions have softened. Add the leftover steak or roast beef onto the griddle or skillet and cook until warmed through. Remove from heat. Onto the griddle or skillet, place the bread slices butter side down and grill, until golden brown. Remove from heat and set aside. Once bread is ready, spread the onion and beef mixture on the griddle, and top it with 2 cheese slices. Once the cheese is melted, transfer onto a toasted bread slice and assemble the sandwich. Serve immediately or pack it for lunch. To pack inside a lunchbox, wait for the sandwich to cool down to room temperature. Once cool, slice it in half and pack it inside the lunchbox along with fruit, veggies, or your favorite sides.",12 minutes,https://www.momables.com/philly-grilled-cheese-sandwich-lunch/
Greek Chicken Pita Wrap,1  pita bread round | 1 tablespoon hummus | 2 leaves romaine lettuce (chopped) | 1/2 cup cooked chicken (shredded or chopped) | 1/2  roma tomato (finely chopped) | 3-4  kalamata olives (optional) | 2 teaspoons crumbled feta cheese,"Finely chop the chicken into small pieces and set aside. You can slice the pita in half, separating it, and stuffing the pockets, or place the ingredients on top and fold it (as shown in the picture) like a taco/ wrap. If stuffing the pitas, spread some of the hummus inside each half, and divide the ingredients in half, filling each pita pocket. For a pita wrap, spread the hummus on top of the pita. Place the chopped lettuce, chicken, tomatoes, olives, and crumbled feta on top. Fold the pita in half or tightly wrap it and tie it using kitchen string. Pack the pita inside its own compartment of a lunchbox and the sides separately. Refrigerate it until ready to place it inside a lunch bag, along with an ice pack if necessary.",10 minutes,https://www.momables.com/greek-chicken-flatbreads/
Greek Chicken Bento Box,3 ounces cooked chicken breast (sliced) | 1/2 cup cucumber slices | 1/2 cup cherry tomatoes | 1  pita (sliced in wedges) | 2 tablespoons tzatziki sauce (or single-serve cup),Slice the cooked chicken breast and place it inside the main compartment of the lunch container. Place the cucumber slices and the cherry tomatoes in another compartment or with the sliced chicken. Store the pita wedges in another compartment to keep them fresh until lunch time. Fill a small lidded container with tzatziki sauce or add a single-serve tzatziki sauce to the lunchbox. Refrigerate this lunch until placed inside an insulated lunch bag and is sent to school. Ice packs are optional.,5 minutes,https://www.momables.com/greek-chicken-bento-box/
BLT Salad Lunchbox,2 cups shredded romaine lettuce | 1/2 cup cherry tomatoes | 2 tablespoons shredded mozzarella cheese | 1 slice of bacon (cooked and chopped) | 1/4  avocado (diced) | 2 tablespoons ranch dressing,"Make the salad inside a lunch container by adding the chopped Romaine lettuce at the bottom. Top it with tomatoes, shredded cheese, chopped cooked bacon, and sliced avocado. Fill a small lidded container with the dressing and wait to drizzle it over the salad at lunch. This prevents the lettuce from getting soggy. Refrigerate the salad or pack it with an ice pack inside a lunch bag.",15 minutes,https://www.momables.com/blt-salad-lunch/
Lasagna Thermos Lunch,8  lasagna noodles | 3 ounces baby spinach (chopped) | 1 1/4 cups ricotta cheese | 1/2 cup grated Parmesan cheese | 1 teaspoon garlic powder | 1 teaspoon onion powder | 1 teaspoon dried oregano or Italian seasoning | 2 cups marinara sauce | 1 cup shredded mozzarella cheese,"Prepare the lasagna noodles according to the package directions. Drain and set aside. In a small saucepot, over medium-low heat, warm the marinara. In a medium bowl, combine the chopped spinach, ricotta, Parmesan cheese, garlic powder, onion powder, and dried oregano or Italian seasoning. Stir to combine and warm in the microwave for about 1 minute or until the cheese softens and spinach is slightly wilted. Preheat the thermos container with boiling water. This step is optional, but it helps. About 5 minutes later, drain the water from the thermos. To assemble, ladle 1/4 cup marinara into a thermos, top with a lasagna noodle, then with the spinach and ricotta mixture. Top with another noodle, more sauce, Mozzarella cheese, and additional Parmesan cheese. Close the thermos container and pack it into a lunch bag. ",25 minutes,https://www.momables.com/lasagna-thermos-lunch/
DIY Taco Lunchables,1/4 cup cooked taco meat (turkey or beef) | 1/2 cup shredded lettuce | 2  soft flour tortillas | 2 tablespoons shredded cheese | 2 tablespoons cherry tomatoes (halved*),"In one compartment, place the cooked ground meat. In another compartment, place the finely shredded lettuce. Place the tortillas in another compartment of the lunchbox. Pack the shredded cheese and cherry tomatoes in small, lidded containers. Refrigerate overnight, sealed.",5 minutes,https://www.momables.com/momables-healthy-lunchable-chicken-soft-tacos/
Easy Egg Salad Wrap,1  large flour tortilla | 1/3 cup Mayo-Free Egg Salad | 1 cup mixed salad greens | 1/4 cup grape tomatoes (halved) | Favorite sides | Blueberries,"Place the tortilla onto a flat surface and top with the egg salad, mixed salad greens or lettuce, and tomatoes. Fold one end over the filling and roll tightly before cutting in half. Place the wrap inside a lunch container. Pack your favorite sides, like banana chips and berries inside separate compartments to separate the ingredients and nothing gets soggy. Close the lunch container with the lid and pack it inside a lunch bag with an ice pack or refrigerate until needed.",10 minutes,https://www.momables.com/egg-salad-wrap/
Chicken Nugget Wrap,1  large flour tortilla | 2  green lettuce leaves | 2 slices tomato (optional) | 4-6  chicken nuggets (cooked) | 1 tablespoon Ranch dressing,"Reheat the chicken nuggets if you’re going to eat the wrap right away. In the microwave for about a minute, in the oven at 350F for 8-10 minutes, or the air fryer at 350F for 6 minutes. This will give you crispy nuggets to use in the wrap. Skip this step if you’re making this wrap for school, they’ll be enjoyed at room temperature. Place the tortilla on a flat surface. Place the lettuce leaves in the center of the tortilla and the tomato slices on top. Arrange the cooked chicken nuggets on top of the tomatoes (or the lettuce) and drizzle with a little Ranch dressing. Tip: go light on the dressing if you're packing this for school to prevent a soggy wrap. You can always pack a little extra dressing in a small lidded container for later. Fold the sides in, fold the back over the filling, and roll tightly.  Slice it in half and serve. Place the chicken wrap inside the main compartment of a lunchbox. Add healthy sides, like fresh fruit and veggies in separate compartments to complete the lunch. Cover with the lid and refrigerate until ready to pack inside a lunch bag with or without an ice pack.",5 minutes,https://www.momables.com/chicken-nugget-wrap/
Roast Beef Wrap with Veggies,1  large tortilla | 1 tablespoon Mayonnaise | Lettuce leaves | 1  Large carrot (grated) | 2 tablespoons corn kernels | 3 ounces sliced deli roast beef,"Place the tortilla on a flat surface and spread the mayonnaise as a thin layer on top. Place the lettuce leaves in the middle of the tortilla. Grate a carrot, or use carrot sticks, and place it on top of the lettuce along with the corn kernels. Lay the roast beef slices on top of the vegetables to hold them in place. Fold the sides in, and one end over the filling, rolling the wrap tightly as you tuck the sides in. Slice in half. Place the wrap inside the main compartment of a lunchbox. Add healthy sides, like fresh fruit and veggies in separate compartments to complete the lunch. Cover with the lid and refrigerate until ready to pack inside a lunch bag with or without an ice pack.",5 minutes,https://www.momables.com/roast-beef-wrap-with-veggies/
Strawberry Nutella Sandwich,3  strawberries | 2 slices sandwich bread (your favorite) | 2 tablespoons Nutella,"Wash the fresh berries, remove the stem, and slice them into ¼ inch thin slices. Alternatively, you can mash them with a fork in a bowl. Spread Nutella on both slices of bread. Place the strawberry slices on one side and close the sandwich. Spreading Nutella on both sides will prevent the strawberries from sliding out. Place the Nutella strawberry sandwich in a lunch container where it fits snugly. Pack any sides, like fruits and veggies, in a separate compartment or container. Refrigerate until ready to pack inside a lunch bag, with or without an ice pack.",5 minutes,https://www.momables.com/strawberry-nutella-sandwich/
Chipotle Chicken Wrap with Avocado,"1  large tortilla | 1 1/2 tablespoons chipotle mayo | ½ cup cooked chicken (chopped) | ¼  avocado (mashed) | ¼ cup black beans | Veggies: corn (grilled peppers & onions, optional)","In a small bowl, combine the chicken and half of the chipotle mayo. Sprinkle a little taco seasoning for added flavor. Spread the other half of the chipotle mayo thinly on the wrap. Place the seasoned chicken in the middle of the wrap. Top with the mashed avocado or guacamole, black beans, and any additional veggies you enjoy. Fold the sides in, and then the bottom over the filling. Roll tightly up, while tucking the sides in. Slice it in half and enjoy. Place the chicken wrap inside the main compartment of a lunchbox along with some fruit and veggies. Cover with the lid and refrigerate until ready to pack inside a lunch bag with or without an ice pack.",5 minutes,https://www.momables.com/chipotle-chicken-wrap/
Grilled BBQ Chicken Wrap,4 ounces cooked chicken (finely chopped or shredded) | 2 tablespoons BBQ sauce | 1  large flour tortilla | Mayonnaise (optional) | 2  large green lettuce leaves | 2 slices tomato,"In a medium bowl, combine the cooked chicken and the barbecue sauce until all the chicken pieces are coated with flavor. Place the tortilla on a flat surface and spread a little mayonnaise on the tortilla. Layer the lettuce leaves in the center of the tortilla and place the tomato slices on top. Scoop the bbq chicken on top of the tomatoes. Fold the sides of the tortilla in and roll the wrap burrito style. Slice it in half and serve immediately or place it inside a lunch container. Add fresh fruit and veggies as sides inside separate lunch containers or compartments of the lunch box. Refrigerate the lunch until you’re ready to pack it inside an insulated bag for school, with an ice pack if necessary.",5 minutes,https://www.momables.com/grilled-bbq-chicken-wrap/
Filling Homemade Lunchable,1.5 ounces Cheddar cheese (sliced) | 3 ounces ham or turkey (rolled up and sliced) | 2 ounces whole-grain crackers | ½ cup fresh fruit,"On a cutting board, roll up the deli ham or turkey, and slice each roll into 3 to 4 pieces. Slice the cheese and prep any fruit and sides. Place the cheese slices and the deli meat inside a compartmentalized container. Pack the whole grain crackers in a separate compartment, away from the deli meat, and the fruit in its own compartment or a separate container. Shown are homemade strawberry fruit roll-ups. Refrigerate the lunch until you pack it inside the lunch bag with an ice pack, if necessary.",5 minutes,https://www.momables.com/filling-homemade-lunchables/
Pizza Pasta Salad for Kids,2 cups cooked pasta | 2 ounces mozzarella cheese (sliced) | 1/2 cup broccoli florets (chopped) | 8 slices nitrate-free pepperoni (quartered) | 1/4 cup black olives (sliced) | 1/2 cup cherry tomatoes (halved ) | 3 tablespoons Italian dressing (or plain olive oil) | Salt &amp; black pepper,"In a large bowl, combine the pasta, cheese, broccoli, pepperoni, black olives, tomatoes, dressing, salt, and black pepper. Toss to combine.  Refrigerate in an airtight container for up to 2 days or pack inside a lunch container.",5 minutes,https://www.momables.com/pizza-pasta-salad-recipe-school-lunch-idea/
BLT Wrap,1  large tortilla | 1 tablespoon mayonnaise or Ranch dressing | 2 slices bacon (cooked crispy) | 2 slices of tomato (halved) | Lettuce leaves (washed),"Cook the bacon in the microwave until crispy. Pat dry with a paper towel to absorb excess fat. Coarsely chop the cooked bacon into pieces. Place the tortilla on a flat surface. Spread the mayonnaise or Ranch dressing in a thin layer on the tortilla. In the center of the tortilla, layer the lettuce, tomatoes, and chopped bacon. Fold and roll burrito style and slice in half. Place the BLT wrap in a lunch container where it fits snugly. Pack any sides, like fruits and veggies, in a separate compartment or container. Refrigerate until ready to pack inside a lunch bag, with or without an ice pack.",5 minutes,https://www.momables.com/blt-wrap/
Pepperoni Grilled Cheese,Butter (for grilling) | 4 slices thick sandwich bread | 1 tablespoon mayonnaise | 1  tomato (sliced) | 2 slices Mozzarella cheese | 8-12 slices pepperoni,"Butter each slice of bread and flip them over onto a large, flat surface. Spread the mayonnaise over 2 slices of bread and layer with tomato, cheese, and pepperoni. Assemble the sandwiches, buttered side facing up.  Heat a non-stick pan over medium-high heat. Grill the sandwiches, 1 at a time, for 2 to 3 minutes or until the cheese begins to melt. Flip and grill for an additional minute until the cheese melts.  Remove the sandwich from the pan and allow it to cool for 5 minutes. Once cooled, pack the sandwich into a lunch container, separated from other ingredients like fruit and veggies.",15 minutes,https://www.momables.com/pepperoni-sandwich/
Taco Egg Cup Breakfast Bento,6  eggs | 3 tablespoons milk | 1/2 cup reserved cooked taco meat | 1/4 cup salsa | 1 cup shredded Cheddar cheese | 4-6  egg cups | Fruits &amp; veggies | Sides of your choice,"Preheat oven to 350F and grease 24-count mini muffin pan. See the note below regarding cooking time if using a regular muffin pan. In a large bowl, whisk eggs and milk. Add in the beef, salsa, and cheese. Mix to combine all ingredients. Distribute egg mixture evenly into muffin pan cups, filling them about 3/4 of the way up. Bake in the preheated oven for 15-18 minutes. Remove the pan from the oven and let them cool in the pan before carefully removing them with a small knife or small spatula. Once cooled, refrigerate the egg cups in an aitight container or zip bag for up to 3 days. To enjoy these at room temperature, place 4 to 6 egg cups inside the main compartment of a lunch container. To eat warm, heat the egg cups in the microwave for 1 minute, stopping the microwave half way through to flip them over. Immediately transfer them inside a thermos container and close the lid. Finish packing this breakfast by adding fruit, veggies, and any other sides inside a bento box. Pack everything inside a lunch bag.",23 minutes,https://www.momables.com/breakfast-egg-cups-taco/
Canned Chicken Wrap,"5 oz can of chicken (about ½ cup, drained) | 2 tablespoons Ranch or Mayonnaise | ¼ teaspoon seasoning (any all-purpose) | Lettuce leaves | 1  large tortilla","In a bowl, combine the canned chicken with the Ranch or Mayonnaise and your favorite seasoning. Use a fork to break up the bigger chunks and combine. Place the tortilla on a flat surface and layer a couple of lettuce leaves on top. Scoop the chicken mixture on top of the lettuce, placing it in the middle of the tortilla. Fold the sides in and one end over the chicken salad, rolling the wrap tightly. Slice in half. Place the chicken wrap inside the main compartment of a lunchbox. Add healthy sides, like fresh fruit and veggies in separate compartments to complete the lunch. Cover with the lid and refrigerate until ready to pack inside a lunch bag with or without an ice pack.",5 minutes,https://www.momables.com/canned-chicken-wrap/
Turkey Bacon Wrap,1  large tortilla | Mayonnaise (optional) | Mustard (optional) | 2 oz deli turkey | 2 slices bacon (cooked crispy) | 1 slice cheddar cheese | lettuce (optional) | 2 slices tomato (optional),"Microwave bacon until crispy and let cool Place the tortilla on a flat surface and spread a thin layer of mayo on top. Put lettuce leaves in the center of the tortilla and layer on the tomato slices, bacon, turkey and cheese. If using mustard, drizzle a small amount over the ingredients and fold the sides in and roll up burrito style. Slice it in half and serve or pack it inside a lunch container keeping any sides like fruit and veggies separate. Refrigerate until you’re ready to pack it inside a lunch bag for school with an ice pack, if necessary.",4 minutes,https://www.momables.com/turkey-bacon-wrap/
Homemade Gluten-Free Pop Tarts,1 1/3 cups gluten-free flour  (+ extra for rolling dough) | 1/2 teaspoon salt | 1/2 teaspoon xanthan gum (if not included in the flour mix) | 1/2 cup butter or non-dairy substitute | 1/2 teaspoon vanilla | 3 tablespoons unsweetened applesauce | 4 to 6 tablespoons ice-cold water | 1 to 2 teaspoons milk or non-dairy alternative | 1/2 cup strawberry preserves or your filling of choice | 1/2 cup powdered sugar | 1 to 2 tablespoons milk or non-dairy substitute,"In a large bowl, combine the flour, salt, and xanthan gum. With a cheese grater, shred the butter on top of the flour mixture. Using a pastry cutter or your hands, combine the flour mixture and the shredded butter until thoroughly incorporated. Add the vanilla and applesauce to the flour, stir to combine. Add 4-6 tablespoons of the water and combine by hand until a smooth dough ball can be formed. Be careful not to overmix the dough, or it will begin to crumble and break. Form the dough into a ball and wrap it tightly in plastic wrap. Refrigerate for at least 30 minutes. Preheat the oven to 350F, and line a baking sheet with parchment paper. On a lightly floured surface, roll out the dough to ⅛- to ¼-inch thickness. Cut the dough into sixteen 3 x 4-inch rectangles. You’ll need to rework the dough and roll it out a few times, making sure to re-flour the surface. Place one row of rectangles on the baking sheet. Spoon about 1 tablespoon of strawberry filling onto the center of each rectangle, making sure the filling doesn’t get too close to the edges. Carefully, with a pastry brush or your finger, brush milk onto the edges of each rectangle. Top each rectangle with a second piece of the dough. Using your fingers press down the edges. Then, with a fork, lightly press down to seal all the edges of the dough. With a sharp knife, cut 3 or 4 small slits in the top of each pop tart. Bake the pastries for about 25 to 30 minutes or until golden brown. Remove from the oven, and allow them to cool completely. To make the glaze, combine the sugar and milk in a small bowl. Spread over the cooled pop tarts and enjoy.",75 minutes,https://www.momables.com/gluten-egg-dairy-free-homemade-poptarts-recipe/
Make the BEST Cutter Sandwiches,"2 slices sandwich bread | mayonnaise  (or butter, optional) | 2 ounces deli ham (or turkey) | 1  cheese slice (your favorite)","Place the bread on a flat surface and spread the mayonnaise or butter thinly, just enough to keep the bread moist. Place the deli meat and cheese centered and inside the bread crust of one slice of bread. Close the sandwich. Place the sandwich cutter on top of the sandwich and gently press down until you feel the board. Slowly jiggle to pierce through the bread, lift the cutter, and remove the outer crusts. With your hands, gently push the shaped sandwich away from the sandwich cutter on the board. Pack the sandwich inside its own lunch box compartment, along with any sides like fruit and veggies in separate compartments. Close the lunch container and refrigerate or pack it into a lunch bag with an ice pack.",5 minutes,https://www.momables.com/how-to-make-school-lunches-better-in-30-seconds/
Cinnamon Pumpkin Seed Butter,3 cups pumpkin seeds (raw and shelled) | 1/4 teaspoon cinamon | 1 1/2 Tablespoons maple syrup,"Preheat oven to 350. In a bowl, toss cinnamon and pumpkin seeds to evenly coat. Place the pumpkin seeds on a cookie sheet and bake for 15 minutes or until golden. Remove from oven and allow to cool down to room temperature. Place the seeds in a food processor and process into butter for several minutes, occasionally scraping down the sides with a spatula. After the first minute or two, it will look like a giant ball, keep going. Add the pure maple syrup (optional) and continue pureeing until it becomes smooth. Store in an airtight container for up to 2 months.",22 minutes,https://www.momables.com/cinnamon-pumpkin-seed-butter-recipe/
Gluten-Free Cheesy Crackers,1/2 cup brown rice flour | 1/2 cup tapioca flour | 3/4 teaspoon salt | 1/4 teaspoon garlic powder | 1/3 cup finely grated sharp cheddar cheese | 2 tablespoons butter (melted or 1 teaspoon vegetable oil) | 3-5 tablespoons water,"Preheat the oven to 350F. In a large bowl, combine the flours, salt, garlic powder, and cheese.  Add the melted butter and water 1 tablespoon at a time mixing to combine after each addition. Once a dough forms, knead it into a ball.  Place the dough on parchment paper or a nonstick rolling mat. Roll out into a rectangular shape until the dough is about 1/8-inch thick. Slice into crackers with a knife, pizza slicer, or cookie cutters (you can re-roll scraps and rough edges to make more.) Transfer the parchment paper with the crackers to a baking sheet. For a more golden look, lightly spray or brush the tops of the crackers with melted butter or oil. Sprinkle extra sea salt and cheese over the top, if desired. Bake for about 12 minutes, until starting to turn golden. Turn the oven off, but leave the crackers in the oven for 5 minutes. Remove from the oven and let cool completely. Store in an airtight container.",22 minutes,https://www.momables.com/gluten-free-cheese-crackers/
Gluten-Free Wheat Thins Crackers,1/2 cup brown rice flour | 1/2 cup tapioca flour (also called tapioca starch) | 3/4 teaspoon salt | 4 teaspoons sugar | 2 tablespoons butter (melted or 1/2 teaspoon vegetable oil*) | 3-5 tablespoons water,"Preheat the oven to 350F. In a large bowl, combine the flours, salt, and sugar. Add the butter and 1 tablespoon water at a time, combining after each addition until a dough begins to form.  Place the dough on a piece of parchment paper and cover it with another piece of parchment paper. Using a rolling pin, roll the dough until about ⅛-inch thick. With a knife or pizza cutter cut the dough into small 1 1/2-inch squares, or use a cookie cutter to cut shapes. (You can take rough edges and scraps and roll them out again to make more shapes). Transfer the parchment paper to the baking sheet. For a more toasted look, lightly brush or spray the tops with melted butter and sprinkle with salt.  Bake for 12 minutes or until they begin to turn golden. Turn the oven off, and leave the crackers in the oven for 5 minutes. Remove from the oven and let cool completely. Store in an airtight container for up to 1 week. ",27 minutes,https://www.momables.com/gluten-free-wheat-thins-recipe/
Strawberry Shortcake Kabobs,"6 tablespoons vegetable oil | 1 1/2 teaspoons vanilla extract | 1 3/4 cups sugar | 1/2 cup unsalted butter (softened) | 2  large eggs | 12 ounces cake flour (about 3 cups) | 2 1/2 teaspoons baking powder | 1/2 teaspoon salt | 1 cup nonfat buttermilk | Cooking spray with flour | Pound cake (homemade or store-bought, sliced into cubes) | Fresh strawberries (whole or halved) | Melted milk chocolate | Melted white chocolate","Preheat oven to 350°. To prepare cake, combine oil and vanilla in a small skillet over medium-high heat, and bring to a simmer. Remove from heat. Let stand 10 minutes or until mixture cools to room temperature. Scrape seeds from bean, and stir into oil; discard bean. If you use vanilla extract, skip this step and add it to the next step. Combine the oil mixture, 1 3/4 cups sugar, and 1/2 cup butter in a large bowl; beat with a mixer at medium speed until well blended (about 5 minutes). Add eggs, one at a time, beating well after each addition. Weigh or lightly spoon flour into dry measuring cups; level with a knife. Combine flour, baking powder, and salt, stirring well with a whisk. Add the flour mixture and buttermilk alternately to sugar mixture, beginning and ending with flour mixture. Spoon batter into a 10-inch tube pan coated with cooking spray, and spread evenly. Bake at 350° for 1 hour or until a wooden pick inserted in center comes out clean. Cool in pan for 10 minutes on a wire rack, and remove from pan. Alternate putting pound cake cubes and strawberries onto skewer or popsicle stick. Drizzle with melted white chocolate and/or milk chocolate.",25 minutes,https://www.momables.com/strawberry-shortcake-kabobs/
Homemade S'mores Poptarts,2 sheets pie dough (store-bought or homemade) | 1/2 cup Nutella (store-bought or homemade) | 1/2 cup Marshmallow Fluff | Splash of milk,"Preheat your oven to 350F. Line a baking sheet with parchment paper and set aside. For the filling, add the Nutella and homemade fluff to separate piping or heavy-duty zip bags.  Roll the pie dough to 1/4-inch thickness on a lightly floured surface. Cut out 3 x 4-inch rectangles. Roll the excess dough and re-cut if necessary. You will need two rectangles to make one pop tart. Place one row of rectangles on the baking sheet. Using your piping bags, pipe alternating rows of Nutella and marshmallow fluff in the middle of each rectangle. Carefully, with a pastry brush or your finger, brush the milk onto the edges of the dough. Lay the second rectangle over the top and press down with your fingers along the edge to close the pop tarts. Using a fork, press all the edges to completely seal the pop tarts. Cut 3 to 4 tiny slits in the top of each pop tart. Bake until golden brown about 25 to 30 minutes. Place the pop tarts on wire racks and allow to cool completely. If desired, drizzle the pop tarts with melted Nutella or chocolate.",45 minutes,https://www.momables.com/homemade-smores-poptarts/
PB&amp;J Bagel Sandwich,1  bagel (sliced in half) | 2 tablespoons peanut butter (your favorite) | 1 ½ tablespoons jelly (your favorite),"Spread a thin layer of peanut butter on both slices of the bagel. Spread the jelly and close the sandwich. Sliced in half and enjoy. Pack it inside a lunch box container where the bagel fits nice and tight. In another compartment or container, add fruit, veggies, and your favorite sides for extra nutrition. Add an ice pack in the lunch bag if necessary.",5 minutes,https://www.momables.com/peanut-butter-jelly-bagel-sandwich/
BLT Bagel,1  bagel (toasted optional) | 1 tablespoon mayonnaise | 2  slices bacon ( cooked crispy) | 2  slices  of tomato | Lettuce leaves ( washed),"Cook the bacon in the microwave until crispy. Pat dry with a paper towel to absorb excess fat. Cut the slices in half. Toast the bagel, if necessary. Spread a thin layer of mayonnaise on both bagel halves. Layer the lettuce leaves, tomato slices, and cooked bacon on top of one half of the bagel. Close the bagel sandwich with the other half. Slice in half and enjoy. Place the BLT bagel sandwich in a lunch container where it fits snugly. Pack any sides, like fruits and veggies, in a separate compartment or container. Refrigerate until ready to pack inside a lunch bag, with or without an ice pack.",5 minutes,https://www.momables.com/blt-bagel/
Healthy Fruit Pizza with Yogurt,"1 cup old-fashioned rolled oats | 1 cup mixed nuts and seeds (finely chopped) | 2 tablespoons unsweetened shredded coconut | 1/4 cup coconut oil (melted) | 2 tablespoons maple syrup | 1 teaspoon vanilla extract | 1/4 teaspoon salt | 1 1/2 cups yogurt- regular (Greek, or non-dairy) | Assorted sliced and chopped fruit- oranges (peaches, bananas, blueberries, strawberries, etc.)","Preheat oven to 350F. Lightly grease a pie pan or springform pan. In a large bowl, combine the oats, nuts, seeds, and coconut. Add the melted oil, maple syrup, vanilla, and salt. Stir well until all the ingredients are combined. Pour the mixture into the pan and using your hands or the back of a wooden spoon, press the mixture firmly into the pan. Bake for 15 minutes, until lightly golden. Remove from the oven and allow to cool down to room temperature. (Stick it in the freezer to cool faster). Spread the yogurt on top of the crust and decorate with your choice of sliced fruit. Slice and enjoy!",20 minutes,https://www.momables.com/fruit-yogurt-breakfast-pizza/
Veggie Egg Bites Snack Box,2 teaspoons oil | 3/4 cup packed grated green zucchini | 3/4 cup packed grated carrots | 2  green onions or 1 shallot (optional) | 4  large eggs (whisked) | 1/3 cup grated Monterrey Jack cheese* | 1/4 teaspoon salt | 4-6  veggie egg bites | Fruits &amp; veggies | Sides of your choice,"Preheat the oven to 350F and grease a 24-count mini muffin pan. See the note below regarding cooking time if using a regular muffin pan. If using, trim both ends of the green onions and finely chop. Separate the green end from the white. Or, finely chop the shallot. In a medium skillet, heat oil over medium heat. Add the zucchini, carrots, and green onions or shallot, and cook, stirring, for 5-7 minutes until the veggies begin to soften. Remove from heat and set aside to cool down to room temperature. In a large bowl, combine veggies, eggs, grated cheese, and salt. Spoon mixture into mini muffin pan. Bake for 15-18 minutes. Allow veggie egg bites to cool in the pan before carefully removing with a small knife or spatula. Once cooled, refrigerate the egg bites in an airtight container or zip bag for up to 3 days. To enjoy these at room temperature, place 4 to 6 egg bites inside the main compartment of a lunch container. To eat warm, heat the veggie egg bites in the microwave for 1 minute, stopping the microwave half way through to flip them over. Immediately transfer them inside a thermos container and close the lid. Finish packing this meal by adding fruit, veggies, and any other sides inside a bento box. Pack everything inside a lunch bag.",25 minutes,https://www.momables.com/mini-carrot-and-zucchini-bites/
Sandwich Kabobs,"2 slices of sandwich bread | 2 ounces deli meat | 1 ounce cheese (sliced thick) | Veggies: cherry tomatoes (bell peppers, sliced cucumbers)","Using a serrated knife, remove the crusts from the sandwich bread. Slice the sandwich bread into squares. If using thinly sliced deli turkey or ham, roll it up first, and then cut it into pieces. Cut the veggies into small pieces, similarly in size to the other ingredients. Use bento picks or small food skewers to thread the lunch ingredients through the middle, alternating between ingredients. Place the sandwich kabobs inside a lunch container. Pack additional fruit and veggies in another compartment or separately. Refrigerate the lunch if packing it ahead. Pack this lunch it inside an insulated bag for school, with an ice pack if necessary.",5 minutes,https://www.momables.com/sandwich-kabobs-lunchbox/
Santa Fe Chicken Salad Lunchbox,3/4 cup mayonnaise | 3/4 cup plain Greek yogurt | 2 tablespoons lime juice | 1 tablespoon olive oil | 1/3 cup milk | 1/3 cup chopped cilantro | 2  garlic cloves | 1/2  jalapeño (stemmed and seeded) | 1/4 teaspoon salt | 1/4 teaspoon pepper | 1 tablespoon oil (for cooking) | 2 teaspoons taco seasoning | 1 pound chicken breasts (boneless skinless) | 1 large head green lettuce (chopped) | 15- ounce can black beans (drained and rinsed) | 1 cup corn (thawed if using frozen) | 1 cup cherry tomatoes (halved) | 1/2 cup shredded cheddar cheese | 1  avocado (diced),"In a blender or food processor, combine all the dressing ingredients and blend until smooth and creamy. Refrigerate leftovers up to 1 week. Heat oil inside a large pan over medium-high heat. Season chicken breasts with taco seasoning and cook the first side for 6 minutes and flip, cooking the other side for another 5 minutes, until the internal temperature has reached 165F. Remove from pan and set aside. Divide the chopped lettuce between 6 lunch containers. Top with black beans and corn. Cut the chicken breasts into 1-inch pieces and distribute them over the salad. Top with cherry tomatoes, shredded cheese, and avocado. Pack the Jalapeño Ranch Dressing into mini sauce containers and send with the salads. ",25 minutes,https://www.momables.com/santa-fe-chicken-salad-for-lunch/
Tomato Avocado Salad for Teens,2 cups chopped Romaine lettuce | 1/2 cup grape tomatoes | 2 tablespoons sliced red onions (optional) | 1/4  avocado (diced) | 2 tablespoons dressing (your favorite),"Make a green salad base inside a container with the chopped Romaine lettuce. Top with grape tomatoes, thinly sliced red onions (if using) and diced avocado. If packing this the night before, dice up the avocado in the morning. Fill a small lidded container with the dressing and wait to drizzle it over the salad at lunch. This prevents the lettuce from getting soggy. Refrigerate the salad or pack it with an ice pack inside a lunch bag.",5 minutes,https://www.momables.com/tomato-avocado-salad-for-teens/
Salami Bento Box with Pears,"1  pear (sliced) | 1/2 cup grape tomatoes | 2 ounces salami (rolled) | 1 ounce pita chips | Puffed cheese crisps (or cubed cheese, optional)","Wash the fruit.  Slice the pair and place them inside the lunch container. Roll up the salami, and pack them with the fruit and tomatoes.  Place pita chips in a separate lunch compartment to keep them dry. Close the lunchbox and refrigerate or place it in a lunch bag with an ice pack.",5 minutes,https://www.momables.com/salami-pears-bento/
Ham &amp; Cheese Sandwich Roll Ups on a Stick,2 slices of sandwich bread | Mayonnaise (optional) | 2 ounces sliced ham | 2  thin slices of cheese (any),"Using a serrated knife, remove the crusts from the sandwich bread. This makes it easier to roll. Use a rolling pin to flatten each slice of bread, flipping them over a couple of times to roll over both sides. Spread a very thin layer of mayonnaise on the bread. Layer the ham and the cheese on top of each piece of bread. And, starting on one end, roll the bread slice forward while tucking in the ham and the cheese. Slice each roll into 3 to 4 pieces and pace them inside a lunch container. Add fresh fruit and veggies and any other sides inside separate lunch containers or compartments of the lunch box. Refrigerate the lunch until you’re ready to pack it inside an insulated bag for school, with an ice pack if necessary.",5 minutes,https://www.momables.com/ham-sandwich-roll-ups/
Turkey Apple Sandwich,2 slices bread | Condiments: mayonnaise & mustard | 1/2  apple (sliced thin) | 2 ounces deli turkey | Lettuce leaves,"Spread mayonnaise, if using, on one slice of bread and mustard, if using, on the other. Top the mayonnaise side with lettuce, apple and turkey. Close the sandwich with the other slice. If packing the sandwich for lunch, pack fresh fruit and veggies inside a lunch box. Refrigerate until ready to pack inside a lunch bag, with or without an ice pack.",5 minutes,https://www.momables.com/turkey-apple-sandwich/
Ham Tomato Croissant Sandwich,1  croissant (sliced horizontally in half) | Condiments: mayonnaise & mustard (your choice) | 2  large green lettuce leaves | 2 ounces deli ham | 2  large tomato slices,"Slice the croissant in half horizontally and open both sides. Spread a little mayo and mustard on the top and bottom of the croissant. Place a lettuce leaf on top of the bottom half, then the sliced ham, tomato slices, and another lettuce leaf on top -especially if packing for school to prevent the top croissant from soaking up the tomato juices. Close the sandwich with the top of the croissant. Slice the croissant sandwich in half and place it inside a lunch container where it fits snugly, so everything stays in place. Pack any sides, like fruits and veggies, in a separate compartment or container. Refrigerate until ready to pack inside a lunch bag, with or without an ice pack.",5 minutes,https://www.momables.com/ham-and-tomato-croissant-sandwich/
Easy Salad with Deli Meat,2  cups  mixed greens | ¼ cup  carrot sticks (or 1 carrot shaved) | ½  cup  cherry tomatoes (halved) | 3 ounces deli turkey or ham (chopped) | 2  tablespoons  salad dressing ( your favorite),"Make a base for your salad with the mixed greens. Top with the carrots, cherry tomatoes, and chopped deli meat. Fill a small lidded container with the salad dressing. Wait to drizzle salad dressing until right before eating. Pack the salad and the dressing inside a lunch bag, with an ice pack to keep it cool.",5 minutes,https://www.momables.com/lunch-salad-with-deli-meat/
Deli Turkey Lettuce Wrap,4  large Boston bib lettuce leaves | 2 ounces deli turkey (about 4 slices) | Mustard (optional),"Layer one lettuce leaf on top of the other to create a sturdier wrap. If using mustard, squeeze a fine line of mustard in the middle of the lettuce leaves. Roll up 2 turkey slices together, beginning on one end into the other. Place each turkey roll in the middle of the lettuce. Fold one side of the lettuce over the turkey and then roll it up. Place rolls fold side down inside a lunch container, along with any sides. Refrigerate until ready to use.",5 minutes,https://www.momables.com/turkey-lettuce-wraps/
Protein Snack Box for Kids,1/2 cup blueberries | 1 cup grapes | 1 slice of cheese (cut into squares) | 1- ounce beef jerky,"Wash the fruit. Slice the cheese into small squares and cut the jerky links into 1-inch pieces.  Add the jerky and fruit into a snack box. Pack the cheese into a separate compartment, so it stays fresh.  Close the container and place it in a lunch bag with an ice pack. ",5 minutes,https://www.momables.com/protein-snack-box/
Healthy Ham &amp; Cheese Snack Box,1 ounce cheese | 2 ounces deli ham | 1/4 cup veggies | 1/4 cup fruit | 1/4 cup pretzels,"Wash fruit and veggies. On a flat surface, roll up the deli ham slices and cut into bite-sized pieces. Slice the cheese into squares. Place cheese and ham in one compartment.  Put the rest of the items in different compartments. Keep dry ingredients like pretzels separate so they don&#39;t get soggy. Refrigerate everything until ready to use and then pack in a lunch bag with an ice pack.",5 minutes,https://www.momables.com/ham-and-cheese-snack-box/
Salami and Cheese Snack Box,2 ounces salami slices | 1 ounce cheese | 1/2 cup veggies (sugar snap peas & carrots) | 1 ounce dark chocolate,"Wash fruit and veggies. On a flat surface, roll up the deli ham slices and cut into bite-sized pieces. Slice the cheese into squares. Place cheese and ham in one compartment. Put the rest of the items in different compartments. Keep dry ingredients like pretzels separate so they don't get soggy Refrigerate everything until ready to use and then pack in a lunch bag with an ice pack.",5 minutes,https://www.momables.com/salami-snack-box/
Winter Salad for Teens,2 cups mixed greens | 1 cup leftover roasted veggies | 2 tablespoons pomegranate seeds | 2 tablespoons vinaigrette (your favorite) | 1 tablespoon chopped pecans (optional),Make a base inside a container with mixed greens. Top with roasted veggies and sprinkle on pomegranate seeds and pecans. Fill a small lidded container with the dressing and wait to drizzle over the salad until just before eating. Refrigerate the salad or pack it with an ice pack inside a lunch bag.,5 minutes,https://www.momables.com/winter-salad-for-teens/
Cobb Salad for Teens' Lunch,2 cups chopped Romaine lettuce | 1  hard-boiled egg (sliced) | 1/4  avocado (sliced) | 1/4 cup cucumber slices | 1/4 cup cherry tomatoes (halved) | 1 tablespoon blue cheese crumbles | 1 slice of bacon (cooked and crumbled) | 3 oz grilled chicken breast (sliced) | 2 tablespoons creamy vinaigrette,"Inside a meal prep or salad container, make a base for the salad with the Romaine lettuce. Top with the hard-boiled egg, avocado, cucumber slices, cherry tomatoes, crumbled blue cheese, bacon, and cooked chicken. Pack the salad dressing inside a small lidded container. Refrigerate the salad until packing it in the lunch bag with an ice pack. Drizzle salad dressing right before eating.",10 minutes,https://www.momables.com/cobb-salad-teen-lunch/
Chips &amp; Guacamole Bento,2 ounces guacamole (or single serve guac) | 1 serving whole grain chips (your favorite) | 1 cup fresh veggies (washed and sliced) | 1 ounce cheese cubes (optional),"Fill a small lidded dip container with guacamole or pack a single-serve guac inside the main compartment of the bento box. Place your favorite tortilla chips around the guacamole, in this compartment. The idea is to keep all dry ingredients here so the chips don&#39;t get soggy. Wash and slice fresh veggies –like bell peppers or cherry tomatoes- an place them in another compartment of the lunchbox. Place any other ingredients, like cheese cubes or black olives (shown) in a separate compartment or inside a lidded container. Close the lid to the bento box and refrigerate until ready to pack inside a lunch bag. This lunch can be assembled the night before.",5 minutes,https://www.momables.com/chips-guacamole-bento/
"Easy Ham, Cheese, and Tomato Skewers",2 slices deli ham (rolled and cut into 1-inch rounds (about 6 total)) | 6 cubes cheese | 3-6  grape tomatoes | 3  appetizer picks or plastic coffee stirrers | Pitted olives | Whole grain crackers | Sliced fruit or Fruit Salad,"Thread one tomato, turkey round, and cheese cube onto each skewer, repeating if there's enough room. Repeat with the remaining ingredients and skewers. Place the skewers into a compartmentalized lunch container. Fill the empty lunch compartments with fruit, olives, and crackers, making sure to pack the crackers in their own compartment, so they don't get soggy. Close the lunch container and add it to a lunch bag with an ice pack.",10 minutes,https://www.momables.com/ham-cheese-skewers/
Lunchbox Chicken Burrito Bowls,1 pound chicken breasts or chicken thighs | 1 1/2 cups salsa | 1 tablespoon oil | 1 head cauliflower (riced) | 1/4 cup chopped cilantro (divided) | 1 cup shredded cheddar cheese | 4 ounces guacamole | 4 ounces black olives (sliced) | 4 ounces sour cream,"In a slow cooker, place chicken and salsa. Cook on high for 4 hours or 6 hours on low. Prior to serving, shred between two forks. In a large skillet, heat oil over medium-high heat. Add the riced cauliflower and sauté, for about 5 minutes until the cauliflower rice is heated through and tender. Add in cilantro, stir to combine, turn off heat. Assemble bowls by making a base of cauliflower rice, topping it with shredded salsa chicken, cheese, guacamole, black olives, sour cream, and additional cilantro. Divide the cauliflower rice between the lunch containers. Top each one with the remaining ingredients. In a different compartment, add your favorite lunch sides. Pack in the lunch bag with an ice pack if needed.",250 minutes,https://www.momables.com/healthy-chicken-burrito-bowls/
Ham &amp; Cheese Apple Wraps,1  green apple (peeled and sliced) | 3 ounces deli ham (about 3-4 thin slices) | 2 ounces cheese (thinly sliced),"On a cutting board, place a slice of ham and slice it in half lengthwise. Place an apple slice on top of the ham, on one end, and a thin slice of cheese on top of the apple slice. Beginning by the apple end, roll the apple and cheese slices onto themselves to  wrap them with the ham. Place each ham and cheese wrapped apple slice inside a bento box or lunch container. In a separate compartment, add fruit, veggies, crackers, or the sides of your choice.",5 minutes,https://www.momables.com/ham-and-cheese-apple-wraps/
Homemade Chicken Nuggets Lunchable,4-6  Homemade or frozen nuggets | 1 cup Strawberries | Celery sticks | Carrot Sticks | 2 tablespoons BBQ Sauce (or sauce of choice),"Wash and dry veggies and cut them into sticks. Warm up the frozen nuggets following the instructions on the back of the bag. Divide nuggets, veggies and fruit into a compartmentalized lunchbox. Pack sauce separately in a small container with lid. Refrigerate everything until ready for school and then pack in a lunch bag with an ice pack.",5 minutes,https://www.momables.com/chicken-nuggets-lunchables/
Mini Pumpkin Pancakes Lunch,"4-5  small pancakes | 1 cup raspberries (or fruit) | 1  hard boiled egg, sliced | syrup for dipping",Toast the pancakes in a toaster or toaster oven and place them into a hard lunch container with compartments. Add the fruit and sliced egg to the empty compartments and top with the lid. Pack syrup separately in a small container. Pack container and syrup in a lunch bag with an ice pack.,5 minutes,https://www.momables.com/mini-pumpkin-pancakes-recipe/
Tomato Mozzarella Skewers Snack Box,10  grape or cherry tomatoes (halved) | 8 ounces fresh Mozzarella (cut into 20 cubes) | Fresh basil leaves | 1/2 cup pesto (optional),"Using a flexible skewer, thread one tomato, a mozzarella cube, a basil leaf, another mozzarella cube, and finally another tomato. Repeat with the remaining skewers. If including pesto, pour a small amount into a tiny dip container with lid and pack separately. Wait to drizzle over skewers until just before eating. Pack the skewers into a hard lunch container, keeping any sides separate.  Keep everything refrigerated until ready for school and add an ice pack, if needed.",5 minutes,https://www.momables.com/caprese-skewers-snack-box/
Hard Boiled Egg Bacon Tomato Salad,2 cups chopped lettuce | 1  hard-boiled egg (chopped) | ½ cup grape tomatoes (halved) | 1  strip of bacon (cooked) | 2 tablespoons salad dressing,"Boil the hard-boiled egg, or a batch of them, and peel them. Refrigerate in an airtight container for up to 5 days. Cook the bacon in the microwave or in a pan, let it cool off for a few minutes, and coarsely chop it into pieces. You can also use a tablespoon of bacon bits. Make a bed of lettuce in the bottom of a lunch container. Top it with the chopped egg, tomatoes, and bacon pieces. Drizzle with dressing if eating the salad immediately. If not, hold off the dressing. Fill a small lidded container with the salad dressing. Refrigerate the dressing and the salad until it’s time to leave and pack it inside a lunch bag with an ice pack. Drizzle the dressing right before lunch.",5 minutes,https://www.momables.com/boiled-egg-lunch-salad/
Veggie Nuggets,"4 cups chopped veggies: cauliflower (broccoli, carrots, etc) | 3  eggs | 3/4 cup bread crumbs* | 1/2 cup grated Parmesan cheese | 1 1/2 tablespoons Italian seasoning | 1/2 teaspoon salt","Cook chopped veggies in a steamer basket, microwave (with some liquid), or boil them in a pot filled with water until fork tender. Run cold water over the cooked veggies to stop the cooking process (blanch). Place cooked veggies inside a food processor and pulse a few times to coarsely chop. Run the food processor continuously for about a minute, until the veggies are smooth. Add eggs, breadcrumbs, Parmesan cheese, and seasoning to the veggie mixture. Process the mixture with a few pulses until all the ingredients are even. If the veggie paste is too sticky, add additional bread crumbs.  Form the nuggets with a cookie scoop or with your hands and place them on a parchment-lined baking sheet. Preheat oven to 375F. Bake veggie nuggets for about 15 minutes until golden brown. Preheat air fryer for 5minutes at 400. Cook veggie nuggets at 400F for about 8 minutes until golden brown. Flip them halfway through if your air fryer basket does not have a tray/rack. Heat up a large non-stick pan over medium-high heat. Place about 2 tablespoons of oil at the bottom of the pan and heat it for about a minute. Distribute hot oil around the pan.  Place veggie nuggets in the hot oil, making sure to not crowd the pan, and cook them for about 4 minutes per side, until golden brown and crispy. Remove from pan onto a plate and cook the next batch.",20 minutes,https://www.momables.com/veggie-nuggets-recipe/
Gluten-Free Uncrustables Recipe,"8 slices of gluten-free ""white"" sandwich bread | 1/2 cup peanut butter | 1/4 cup jelly (your choice)","Spread the peanut butter onto 4 slices of bread, keeping the peanut butter mostly in the center. Spread the jelly in the center of the remaining 4 slices and assemble the sandwiches. Using the cutter, press it into the center of each sandwich, hold it down for 30 seconds, and remove the outer crusts before lifting the crimper from the bread.",5 minutes,https://www.momables.com/gluten-free-uncrustables/
Strawberry Fruit Yogurt Recipe,"5   strawberries  (mashed) | 3/4 cup plain Greek yogurt | Drizzle of honey or maple syrup (optional) | Toppings: toasted almonds, pecans, or granola","In a bowl, mash the strawberries with a fork to release their natural juice and sweetness. Add in Greek yogurt and stir until combined. Test for sweetness and add a drizzle of honey or maple syrup to your desired sweetness. Stir to combine. Refrigerate in an airtight container for up to 1 week. ",5 minutes,https://www.momables.com/recipe-fresh-fruit-yogurt/
Turkey Avocado Lettuce Wrap,4  large lettuce leaves (cobb or Boston bib) | 1  small tomato (thinly sliced) | 4 slices deli turkey | 1/4  avocado (sliced) | 2 slice cheese | pickles | 1 tbsp mustard,"Dry the washed lettuce completely before making wraps. Lay one lettuce leaf on top of the other to create cups. Layer the tomatoes, turkey cheese, and pickles onto each lettuce cup. Drizzle with Mustard.   Roll the lettuce wrap tightly and slice in half before packing into a glass lunch container. Pack additional fruit and veggies separately and refrigerate the lunch if preparing it ahead. Pack this in a lunch bag with an ice pack, if necessary.",5 minutes,https://www.momables.com/turkey-avocado-lettuce-wrap/
Spinach &amp; Bacon Egg Cups,6  eggs | 3 tablespoons milk | 3/4 cup spinach (finely chopped) | 1 cup shredded Cheddar cheese | 4 strips bacon (cooked and chopped) | 1/4 teaspoon black pepper,"Preheat oven to 350F and grease a 24-count mini muffin pan. In a large bowl, whisk the eggs and milk. Add the chopped spinach, shredded Cheddar cheese, chopped bacon, and black pepper. Stir to combine.  Distribute the egg mixture evenly into the muffin cups. Bake in the preheated oven for 15-18 minutes. Once cooked, allow mini quiches to cool in the pan before carefully removing with a small knife or spatula.",5 minutes,https://www.momables.com/low-carbohydate-mini-omelets/
Healthy Preschool Snack Ideas,1 cup quick oats | 1 cup unsweetened shredded coconut | 1/2 cup flax meal (ground flax) | 1/2 cup mini chocolate chips | 1/2 cup nut-free butter | 1/3 cup honey | 1 teaspoon vanilla extract,"In a large bowl combine the oats, coconut, flax, mini chocolate chips, if using.  In a small bowl, whisk together the almond butter or peanut butter, honey, and extract.  Pour the almond butter or peanut butter mixture into the oat mixture and stir to thoroughly combine. Cover and allow to chill in the refrigerator for half an hour.  Once it’s chilled, use a cookie scoop or spoon to scoop the mixture and roll into balls. Store in an airtight container and refrigerate up to 1 week.",5 minutes,https://www.momables.com/preschool-snacks/
Peanut Butter Pickle Sandwich,9  dill pickle slices | 2 slices sandwich bread (your favorite) | 2 tablespoons peanut butter (your favorite),"Place the pickle slices on a paper towel and pat them dry to absorb the excess liquid. Spread a thin layer of peanut butter on both slices of bread. Place the pickle slices on one of the bread slices, and close the sandwich. If making this sandwich for later, make sure to pat dry the pickles as much as possible. Pack the sandwich inside a compartment of a lunchbox. In another compartment or container, store fruit, veggies, and your favorite sides. Add an ice pack in the lunch bag if necessary.",5 minutes,https://www.momables.com/peanut-butter-pickle-sandwich/
Healthy Turkey and Cheese Sandwich,2 slices whole grain sandwich bread | Mayonnaise (optional) | Mustard (optional) | 2 oz deli turkey | 1 oz cheese slices | 2  lettuce leaves (optional) | 2 slices tomato (optional) | 1 serving of veggies | 1 serving of fruit,"Spread mayonnaise, if using, on one slice of bread and mustard, if using on the other. Top the mayonnaise side with lettuce, tomato, cheese, turkey, and close the sandwich with the other slice. Place the turkey and cheese sandwich inside one compartment in the lunch box. Pack fresh fruit and veggies in another compartment of the lunch box. Refrigerate until ready to pack inside a lunch bag, with or without an ice pack.",5 minutes,https://www.momables.com/turkey-and-cheese-sandwich/
Homemade Ramen Noodle Soup,"2 tablespoons olive oil | 3 cloves garlic (minced) | 1/2 inch ginger (minced (optional)) | 2  medium carrots (sliced) | 1  medium leek or 2-3 green onions (white part only, sliced) | 4 cups vegetable broth | 1 cup water | 2-3 tablespoons low sodium soy sauce | 1 cup frozen peas | 1 lb package whole wheat angel hair pasta | Kosher salt and pepper (to taste)","In a large pot, over medium-high heat, warm olive oil. Saute garlic and ginger until fragrant. Add carrots and leeks (or green onions, if using). Continue to saute until leeks/onions are translucent. Add in vegetable broth, water, and soy sauce. Bring to a boil, then reduce to a simmer for 5 minutes. Add in frozen peas and continue to cook on a low simmer until peas are no longer frozen. Season to taste with salt and pepper. In a separate pot, bring water to a boil and add angel hair pasta. Cook until al dente and drain. Pasta remains separate from soup to keep it from getting soggy during cooking and storage. To serve, place a small serving of pasta in a soup bowl and ladle Ramen soup over pasta. Serve immediately. Preheat the thermos container with boiling water. This step is optional, but it helps. Heat the soup in the microwave or stovetop to a piping-hot temperature. Drain the water from the thermos. Fill the thermos with the very hot soup. Close the thermos container and pack it inside a lunch bag.",10 minutes,https://www.momables.com/homemade-ramen-noodle-soup/
Turkey Pesto Pinwheels Lunch,1  large tortilla | 2 tablespoons cream cheese* | 1 1/2 teaspoons pesto | 2 ounces deli turkey | Fruit | Veggies,"In a small bowl, combine room temperature cream cheese or whipped cream cheese with the pesto. Spread the creamy pesto over the tortilla and place the sliced turkey on top. If you want to add lettuce or spinach place it on top of the creamy pesto spread under the turkey slices. Fold the sides in and roll the tortilla tightly into a wrap before cutting it in half. Slice each half into 1/2 to 1-inch-thick pinwheel rounds. Place the pinwheel slices in a lunch container and pack it with fruit and veggies. Refrigerate until ready to place inside a lunch bag, along with an ice pack if necessary.",5 minutes,https://www.momables.com/turkey-pesto-pinwheels/
Ham and Cheese Tomato Olives Croissant,1  croissant (sliced horizontally in half) | Condiments: mayonnaise & mustard (your choice) | 2  large green lettuce leaves | 2 ounces deli ham | 1 ounce deli cheese (any) | 2  large tomato slices | 2 tablespoons sliced olives (kalamata or black),"Slice the croissant in half horizontally and open both sides. Spread a little mayo and mustard on the top and bottom of the croissant. Place a lettuce leaf on top of the bottom half, then the cheese, sliced ham, tomato slices, and the olives on top. Place a second leaf of lettuce on top of the olives, and then place the top of the croissant half, closing the sandwich. Slice the croissant sandwich in half and place it inside a lunch container where it fits snugly, so everything stays in place. Pack any sides, like fruits and veggies, in a separate compartment or container. Refrigerate until ready to pack inside a lunch bag, with or without an ice pack.",5 minutes,https://www.momables.com/ham-and-cheese-croissant-sandwich/
Ham and Avocado Lunch Wrap,1/4  avocado (mashed) | 1  large flour tortilla | Handful fresh spinach | 2 ounces sliced deli ham | Fruit | Veggies,"In a small bowl, mash the avocado. Season with salt and pepper if desired. Spread the mashed avocado over the tortilla and top it with fresh spinach. Lay the ham slices over the top holding down the spinach leaves. Fold the sides in and roll the tortilla tightly into a wrap before cutting it in half. Place the wrap in a lunch container and pack fruit and veggies along with it if desired. Refrigerate until ready to place inside a lunch bag, along with an ice pack if necessary.",5 minutes,https://www.momables.com/ham-and-avocado-lunch-wrap/
Strawberry Peanut Butter Sandwich,3  strawberries | 2 slices sandwich bread (your favorite) | 2 tablespoons peanut butter (your favorite),"Wash the fresh berries, remove the stem, and slice them into 1/4 inch thin slices. Alternatively, you can also mash them with a fork in a bowl. Spread the peanut butter on both slices of bread. Place the strawberry slices on one side and close the sandwich. Pack this sandwich for school inside its own compartment of a lunchbox. In another compartment or container, pack fruit, veggies, and your favorite sides. Add an ice pack in the lunch bag if necessary.",5 minutes,https://www.momables.com/strawberry-peanut-butter-sandwich/
Fluffernutter Sandwich,2 slices sandwich bread (your favorite) | 2 tablespoons peanut butter (your favorite) | 2 tablespoons marshmallow fluff,"Spread the peanut butter one slice of bread and the marshmallow fluff on the other slice. Close the sandwich, slice it half and enjoy. Pack this sandwich for school inside its own compartment of a lunchbox along with fruit, veggies, and your favorite sides. Add an ice pack in the lunch bag if necessary.",5 minutes,https://www.momables.com/fluffernutter-sandwich/
EPIC Turkey Sub Sandwich,1  oval sub bread | Mayonnaise (optional) | Mustard (optional) | 2 oz oven roasted turkey | 2 slices Monterrey Jack cheese (or any) | 2 slices tomato (optional) | 2  green lettuce leaves,"Spread mayonnaise and mustard on each of the sub halves. Top the mayonnaise side with lettuce, oven roasted turkey, cheese slices, and tomato slices. Close the sandwich with the top half of the sub bread. Serve it with fresh fruit and veggies if desired. If making this sub for later, place the cheese between the bread and the tomato so the top half of the sub sandwich doesn’t get soggy. Refrigerate until ready to pack inside a lunch bag, with or without an ice pack.",5 minutes,https://www.momables.com/turkey-sub-sandwich/
BBQ Chicken Lunch Wrap,4 oz (1/2 cup) cooked chicken (finely chopped or shredded) | 2 tablespoons BBQ sauce | Lettuce leaves | 1  large tortilla | Fruit | Veggies,"In a medium bowl, combine the chopped or shredded cooked chicken with the bbq sauce. Mix it until all the chicken has been coated with it. Place the tortilla on a flat surface and layer a couple of lettuce leaves on top. Scoop the bbq chicken mixture on top of the lettuce, placing it in the middle of the tortilla. Fold in the two sides and then one end over the chicken salad, rolling it tightly into a wrap. Slice in half. Place the chicken wrap inside the main compartment of a lunchbox along with some fruit and veggies. Cover with the lid and refrigerate until ready to pack inside a lunch bag with or without an ice pack.",5 minutes,https://www.momables.com/bbq-chicken-wrap/
Turkey Hard Boiled Egg Sandwich,3 slices of sandwich bread (classic or seeded) | Mayonnaise (optional) | Mustard (optional) | 2 oz sliced deli turkey | 1 slice American cheese (or your favorite) | 2  hard-boiled eggs (sliced) | 4  lettuce leaves,"If making this a triple decker, spread the mayonnaise and mustard on the outer two bread slices. Top the mayonnaise side with lettuce, turkey, hard-boiled egg slices and half of a cheese slice. Top with third sandwich bread slice, and continue to layer with more lettuce, turkey, egg, cheese, and close the sandwich with the final bread slice. If not making this a triple decker, simply layer the lettuce, turkey, egg, and sliced cheese between the two bread slices. If packing this sandwich for lunch, serve it with fresh fruit and veggies or chips, if desired. Refrigerate until ready to pack inside a lunch bag, with or without an ice pack.",5 minutes,https://www.momables.com/turkey-hard-boiled-egg-sandwich/
EPIC Pimento Cheese BLT Sandwich,2 slices sandwich bread (any) | 1/4 cup pimento cheese | 1 slice bacon (cooked crispy) | 2 slices of tomato | Lettuce leaves (washed),"Distribute the pimento cheese on one slice of bread. If using, cook the bacon in the microwave until crispy, pat dry with a paper towel to absorb excess fat. Cut it in half or coarsely chop it into bacon pieces and place over the pimento cheese. Top with sliced tomatoes and lettuce. Place the second slice of bread on top and close the sandwich.",5 minutes,https://www.momables.com/pimento-cheese-blt-sandwich/
Cheese and Fruit Bistro Box,1  small apple (sliced) | 1/2 cup grapes | 1 ounce Brie (sliced into wedges) | 1/2 cup baby carrots,"Wash the fruit, and slice the apples and Brie into wedges.  To present this like a classic bistro box, place the fruit, cheese, and veggies into separate compartments.  To keep the crackers dry, place them in their own compartment.  Close the lunch box and place it in a lunch bag with an ice pack. ",5 minutes,https://www.momables.com/diy-fruit-and-cheese-bistro-box/
Nut-Free Nutella,2 cups raw sunflower seeds (toasted) | 1 1/2 tablespoons vanilla extract | 1/4 cup unsweetened cocoa powder | 1/4 cup maple syrup or honey | 1/4 teaspoon salt | 1 1/2 tablespoons coconut oil | 1/2 cup milk (dairy or non-dairy),"In a medium non-stick pan, over medium-high heat, toast sunflower seeds, while stirring frequently to avoid burning. Remove from heat and allow sunflower seeds to cool to room temperature before the next step. In the bowl of a food processor or high-speed blender, process toasted sunflower seeds, stopping intermittently to scrape down the sides of the bowl, for 3 to 5 minutes, until the seeds have turned into a thick, creamy butter. Add in remaining ingredients and blend for an additional 4-5 minutes, stopping to scrape the sides from time to time, until smooth and creamy. Store in an airtight container up to two weeks in the fridge.",15 minutes,https://www.momables.com/sunflower-nutella/
Easy Homemade Lunchables Pizza,1  pita round | 1/4 cup shredded cheese | 4-6  pepperoni slices | 1/4 cup marinara sauce,"In a compartmentalized lunch container, divide the pita round, cheese, and pepperoni slices, making sure to keep the ingredients separate.  Pack the marinara into a lidded sauce container and send with the rest of the ingredients and a plastic spoon.  Refrigerate lunchable and any sides until ready to use and then pack in a lunch bag with an ice pack. To assemble, kids will spread the marinara sauce over the pita and top with cheese and pepperoni, just like the classic boxes lunchable.",5 minutes,https://www.momables.com/lunchbox-wars-2/
Baked Cinnamon Sugar Chips,3 tablespoons sugar | 1 teaspoon cinnamon | 2 tablespoons butter (melted) | 4  whole grain tortillas | 4 oz reduced-fat cream cheese | 6 oz vanilla yogurt | 2 teaspoons sugar (honey or maple syrup) | 1/2 teaspoon ground cinnamon,"Preheat oven to 350°F (180°C) degrees and line a baking sheet with parchment paper. In a bowl, mix cinnamon and sugar together, set aside. Use a cookie cutter cut shapes out of your tortillas; alternatively, use a pizza cutter or knife to cut into triangles. Place tortilla pieces on baking sheet and with a basting brush, lightly coat with butter on each side. Sprinkle with cinnamon-sugar mixture on both sides. Bake for 10 to 15 minutes, or until lightly golden, keeping a close eye so as not to burn. Allow to cool then serve or pack. In a small bowl, beat the cream cheese, yogurt, sugar and cinnamon until smooth. Serve with cinnamon chips and/or fruit.",5 minutes,https://www.momables.com/cinnamon-sugar-baked-chips/
Turkey and Veggie Hummus Wrap,1  burrito size tortilla or wrap | 2 tablespoons hummus | 1 cup fresh chopped arugula or salad greens | 1/4 cup shredded carrots | 3 slices deli turkey,"Spread the hummus over each tortilla, top with the arugula first, then carrots and turkey meat.  Fold and roll tightly before slicing in half. Pack the wrap into a lunch container keeping it separate from fruit and veggies. Add an ice pack if necessary.",5 minutes,https://www.momables.com/hummus-wrap/
Baked potato for school lunch,1  medium to large potato (previously cooked) | Assorted toppings,"Fill a lunch thermos with boiling water and let it sit while preparing the potato and toppings. Reheat potato in the microwave for 1-2 minutes or until steaming hot. Cut it into pieces and add it to the preheated thermos. Layer on your hot toppings and close the lid. Store cold or additional toppings in small leak-proof containers. Place the thermos in a lunch bag, keeping it apart from the cold toppings and any chilled lunch sides. Add an ice pack to the cold items and remember to include a fork.",5 minutes,https://www.momables.com/how-to-pack-a-baked-potato-for-lunch/
Falafel Salad,1 1/2 cups mixed greens | ½ cup cherry tomatoes (halved) | 4  small falafels | 1 tablespoon Ranch,"Make a base with your mixed greens in a lunchbox with compartments. Layer the cherry tomatoes on top of the lettuce. Keep falafels in a separate compartment. Fill a small lidded container with the salad dressing. Wait to drizzle salad dressing until right before eating. Pack the salad and the dressing inside a lunch bag, with an ice pack to keep it cool.",5 minutes,https://www.momables.com/falafel-salad-lunchbox/
Grape Parfait,1/3 cup green grapes | 1/3 cup red grapes | 1 cup vanilla yogurt | 1/4 cup granola,"Place fruit and granola toppings into a lunchbox container with compartments and close the lid tightly. If using individual yogurt cups, wrap a flexible ice pack around the cup and secure it with a rubber band before placing it in a lunch bag. If using bulk yogurt, spoon the amount of yogurt you want into a pre-chilled lunch thermos. Keep everything refrigerated until time for school and then pack the yogurt, toppings, and a spoon into an insulated lunch bag with an ice pack.",5 minutes,https://www.momables.com/grape-granola-yogurt-parfait-recipe/
Cali Bistro Box,2 slices deli turkey breast | 1/4 cup hummus | 6  pita chips | 1/4  cucumber (sliced) | bacon bits | 1/4 cup grape tomatoes,Wash the cucumber and grape tomatoes. Slice the cucumbers. Roll up the deli turkey and cut into bite-sized pieces. Place the ingredients in separate compartments. Keep the Pita chips separate so they don’t get soggy. Pack the hummus in a lidded sauce container Refrigerate everything until ready to use and then pack in a lunch bag with an ice pack.,5 minutes,https://www.momables.com/how-to-build-a-bistro-box-cali-bistro-box-ideas/
Turkey Cranberry Sauce Sandwich,2 slices of sandwich bread | 2 tablespoons cranberry sauce | 3 ounces leftover turkey or deli turkey (thinly sliced) | 2-3 slices of brie cheese (or enough to cover bread) | Butter (for grilling),"Place brie cheese one slice of bread and spread cranberry sauce on the other. Layer the turkey slices and close sandwich. Butter both sides. In a non-stick pan over medium-high heat, grill the sandwich for 2 to 3 minutes until the bottom is golden brown. Flip and continue to grill until the cheese is melted. Remove from heat and allow the sandwich to cool to room temperature. Once cooled, slice it in half and pack it inside a lunch container with an ice pack, if needed. If adding sides, pack them in a separate compartment or container.",6 minutes,https://www.momables.com/turkey-cranberry-sandwich/
Cranberry Pear Grilled Cheese,2 slices of sandwich bread | 2 tablespoons cranberry sauce | 1/2  ripe pear (thinly sliced) | 2 slices of brie cheese (or enough to cover bread) | Butter (for grilling),"Place 1 slice of brie cheese on a piece of bread and layer on the cranberry sauce and pears. Top with remaining slice of cheese and close the sandwich. Butter both sides. In a medium non-stick pan over medium-high heat, grill the sandwich for 2 to 3 minutes until the bottom is golden brown. Flip and continue to grill until the cheese is melted. Remove from heat and allow the sandwich to cool to room temperature. Once cooled, slice it in half and pack it inside a lunch container. If adding sides, pack them in a separate compartment or container with an ice pack, if needed.",5 minutes,https://www.momables.com/cranberry-pear-grilled-cheese/
Zucchini Pizza Bites,1  large zucchini (sliced diagonally into 1/4-inch thick rounds) | 1/4 cup marinara sauce | 1/2 cup shredded Mozzarella cheese | 1/4 cup mini pepperonis | 2 tablespoons sliced black olives,"Preheat the oven to broil*. Line a large baking sheet with parchment paper. Place the zucchini slices onto the lined baking sheet in an even layer. Spread the marinara sauce over the top of each slice. Top with cheese, pepperoni, and black olives. Broil for 2 to 3 minutes or until the cheese is melted. Allow to cool down to room temperature before placing the pizza bites in a lunch container. Refrigerate until ready to pack in the lunch bag.",3 minutes,https://www.momables.com/zucchini-pizza-bites-gluten-free-recipe/
Easy Everything Bagel Cloud Bread Bagels,1 tablespoon mayonnaise | 2 slices of cloud bread | 4 slices deli ham | 1 slice provolone cheese | Handful sprouts or lettuce,Spread mayonnaise onto both sides of the bread. Place the lettuce onto 1 slices of cloud bread and top with sliced ham and cheese and remaining slice of cloud bread. Pack in a hard lunch container with sturdy sides. Refrigerate until ready to use and send to school with an ice pack,30 minutes,https://www.momables.com/everything-cloud-bread/
Bagel Chicken Sandwich,1  bagel | Mayonnaise (optional) | Mustard (optional) | 2 oz leftover chicken | 1 slice cheese | 2 slices tomato (optional) | 2  lettuce leaves,"Spread mayonnaise and mustard on each of the bagel halves. Top the mayonnaise side with lettuce, tomato, chicken, cheese, and close the sandwich with the other bagel half. Slice the bagel sandwich in half and pack it inside a lunch container. Add healthy sides, like fresh fruit and veggies, to his lunch in a separate compartment or containers.  Refrigerate until ready to pack inside a lunch bag, with or without an ice pack.",5 minutes,https://www.momables.com/chicken-bagel-sandwich/
Turkey and Swiss Bagel Sandwich,"1  bagel (everything, onion, or plain) | Mayonnaise (optional) | Mustard (optional) | 2 oz oven roasted turkey | 1 slice Swiss cheese | 2 slices tomato (optional) | 2  lettuce leaves","Spread mayonnaise and mustard on each of the bagel halves. Top the mayonnaise side with lettuce, tomato, oven roasted turkey, Swiss cheese, and close the sandwich with the other bagel half. Slice the bagel sandwich in half and pack it inside a lunch container. Add healthy sides, like fresh fruit and veggies, to his lunch in a separate compartment or containers.   Refrigerate until ready to pack inside a lunch bag, with or without an ice pack.",5 minutes,https://www.momables.com/turkey-and-swiss-bagel-sandwich/
Everything Bagel Sandwich,1  everything bagel | Mayonnaise (optional) | Mustard (optional) | 2 oz ham or turkey | 1 slice of cheese | 2 slices tomato (optional) | 2  lettuce leaves,"Spread mayonnaise and mustard on each of the bagel halves. Top the mayonnaise side with lettuce, tomato, deli turkey or ham, cheese,  and close the sandwich with the other bagel half. Slice the Everything bagel sandwich in half and pack it inside a lunch container. Add healthy sides, like fresh fruit and veggies, to this lunch in a separate compartment or containers. Refrigerate until ready to pack inside a lunch bag, with or without an ice pack.",2 minutes,https://www.momables.com/everything-bagel-sandwich/
Easy Tortilla Pizzas,4  flour tortillas | Olive oil or cooking spray | 1 cup marinara sauce | 1/2 cup shredded cheese | Pepperoni | Chopped basil,"Preheat the oven to 375F and line a large baking sheet with parchment paper. Brush the tortillas with olive or spray with cooking spray. Spread a thin layer of marinara sauce over each tortilla. Sprinkle the shredded cheese over each tortilla and top with desired toppings. Place the tortilla onto the lined baking sheet and bake for 8 to 10 minutes. Remove from oven, slice, and serve. If packing for lunches, allow the pizza slices to cool down to room temperature before packing into lunch containers.",5 minutes,https://www.momables.com/easy-tortilla-pizzas/
Greek snack Cup,2 tablespoons hummus | 1 tablespoon crumbled Feta | 1 tablespoon pitted Kalamata olives  (drained &amp; chopped) | 1 tablespoon chopped roasted red peppers (or fresh red pepper) | 1 tablespoon sliced mild pepperoncini (optional) | 1/4  small tomato (diced) | 1/4  small cucumber (diced) | fresh chopped oregano,"Spread about 2 tablespoons of hummus along the bottom of an 8 ounce lidded container. Sprinkle hummus with feta, olives, red peppers, pepperoncini, tomato and cucumber. Garnish with fresh oregano and serve with pita chips or close lid and store up to 3 days in the refrigerator. Take it out of the fridge right before leaving for school and pack it in an insulated lunch bag with an ice pack. Keep pita wedges separate so they don’t get soggy.",5 minutes,https://www.momables.com/7-layer-greek-cups/
Pecan Pie Energy Bites,1 cup raisins or dates | 1 cup pecans | 1/4 cup unsweetened coconut flakes | 1 teaspoon vanilla extract | 1 teaspoon cinnamon | 1/4 teaspoon nutmeg | 1/4 teaspoon ground ginger | 1/8 teaspoon salt,"Place raisins in a bowl and cover with hot water. Let them soak for 10 minutes; drain. In a food processor, place raisins and pecans; pulse until they are finely ground and have formed a paste. Add coconut flakes, vanilla, cinnamon, nutmeg, ginger, and salt. Pulse a few times until combined. Remove the food processor base and refrigerate for 30 minutes. Using your hands, form dough into 16 small balls. Refrigerate in an airtight container to store and enjoy.",15 minutes,https://www.momables.com/pecan-pie-energy-bites/
Lunch Box Burrito Bowls,1 cup cooked rice* | 1/2  cooked chicken (shredded) | 2 oz salsa | 2.5 oz canned black beans (drained and rinsed) | 1/4 - 1/8 cup shredded Cheddar cheese | 1/4 - 1/8 cup guacamole | 1 tablespoon sour cream,"Fill a serving bowl with cooked rice, top with shredded chicken, salsa, and desired toppings. Layer the cooked rice into a thermos or lunch container. Top with chicken, salsa, and cheese.  Pack the guacamole and sour cream into separate mini sauce containers to be added to the bowls prior to eating. ",5 minutes,https://www.momables.com/lunchbox-burrito-bowls/
Breakfast on the Go Blueberry Coffee Cake,Two slices of blueberry coffee cake | Mixed Berries | Sliced apples,Prepare the blueberry coffee cake. Place the coffee cake in the main compartment of the bento box. In separate compartments place the mixed berries and sliced apples. Close the lid. Refrigerate until time to enjoy the breakfast bento on the way to school.,5 minutes,https://www.momables.com/easy-blueberry-cake-recipe-and-snack-box/
Scones Snack Box for Kids,Vanilla Scones | Mixed Berries,Prepare your favorite scone recipe Place the scones in the main compartment of a bento box. In a separate compartment place the berries and any other sides you may like to include in the breakfast bento. Close the lid and pack for breakfast on the go or a snack at school.,5 minutes,https://www.momables.com/best-scones-recipe-snack/
Chocolate Chip Protein Muffins,3/4 cup vanilla protein powder (pea or soy-based) | 1 tablespoon baking powder | 1 cup almond flour | 2  large eggs (whisked) | 1/4 cup honey | 1 cup pumpkin | 3/4 cup milk (any kind*) | 1/3 cup chocolate chips,"Preheat the oven to 350F. Grease an 8-count muffin tin. In a large mixing bowl, combine vanilla protein, baking powder, and almond flour. Add the eggs, honey, pumpkin, and almond milk, and mix until fully combined. Fold in the chocolate chips. Divide the batter among the muffin cups, filling them 3/4th of the way, and bake for 22-25 minutes or until a toothpick inserted in the center of a muffin comes out clean.  Remove the pan from the oven and allow the muffins to cool slightly before serving.  Store any leftover muffins in an airtight container and refrigerate for up to a week. ",8 minutes,https://www.momables.com/healthy-muffins-for-kids-with-chocolate-chips-protein/
Homemade Pizza Uncrustables,2 slices of bread | 2 tablespoons tomato sauce | 3 tablespoons shredded cheese | 4  pepperoni | 1  carrot (peeled and sliced) | 1  apple (sliced),"Place the bread onto a flat surface and spread the tomato sauce onto the center of one slice. Top with cheese, pepperoni, and the remaining slice of bread. Press the sandwich crimper or glass rim into the center of the sandwich, and remove the crusts. Optional: grill the uncrustable in a lightly greased non-stick pan until both sides are golden. Remove from heat and allow it to cool down to room temperature. Pack the uncrustable into a lunch container, making sure to keep it separate from the carrots and apple slices. Close the lunch container and pack it with an ice pack into a lunch bag.",15 minutes,https://www.momables.com/pizza-uncrustables/
How to pack leftover Spaghetti for school lunch,leftover spaghetti | 10 thin slices pepperoni | 1/2 cup chunky-cut pieces mozzarella | 2 slices chunky whole-grain bread | 1/2 cup marinara sauce,"Place the noodles, pepperoni, mozzarella, and bread into a hard lunch container with compartments. Pour extra marinara sauce in a small lidded container and keep separate Keep spaghetti lunch and any added healthy sides refrigerated until ready to leave, then pack in a lunch bag with an ice pack.",5 minutes,https://www.momables.com/pizza-speggies-veggie-spaghetti-recipe/
Chocolate Dipped Oranges,"1/3 cup chocolate chips or chunks (or a 3-4 ounce chocolate bar, broken into rough chunks) | 1-2 teaspoons shortening or coconut oil (if needed) | 3  mandarin or satsuma oranges (peeled and separated)","Line a baking sheet with parchment or wax paper. You can use a double boiler, a fondue pot, or the microwave to melt your chocolate. To microwave, heat in a small microwave-safe dish for 1 minute, then in 30-second intervals, stirring in between. If the chocolate seems too thick, add 1 teaspoon shortening or coconut oil. Add more if necessary. Dip each orange segment into the chocolate, rolling to coat both sides if your chocolate is too shallow. Coat one-half to three-fourths of the way up each slice. Let some excess chocolate drip off, then place on the prepared baking sheet, separating them at least 1-inch apart so that their chocolate puddles won't touch. If the chocolate cools before you're finished, you can re-melt it as above. Place the tray in the refrigerator for at least 20 minutes, then serve or store refrigerated in an airtight container. They will start to dry out, but can last a few days in the fridge and still be tasty!",25 minutes,https://www.momables.com/chocolate-dipped-oranges/
Homemade Pop Tarts,1 1/2 cups strawberries (chopped) | 1/3 cup sugar | 1-2 tablespoons honey | 1  homemade or store-bought pie dough | 2-3 tablespoons milk | 1  egg white (from pasteurized eggs) | 1 1/4 cups sifted powdered sugar | 1 teaspoon vanilla extract,"Preheat the oven to 350F. Line a baking sheet with parchment paper and set aside. In a small 2-3 quart saucepan, combine the strawberries, sugar, and honey with a splash of water. Heat over medium heat, bringing the mixture to a simmer for about 10 minutes until it’s the consistency of jam. Once the strawberries have broken down, remove from the heat, and allow it to cool completely. You can skip this part, and use your favorite jam or fresh fruit instead. On a lightly floured surface, roll your pie dough to 1/8-inch thick. Cut the dough into 12, 3x4-inch, rectangles. You will need two rectangles per poptart. You’ll probably need to re-shape and recut dough as you go along. Fill a small dish with milk and set it next to your baking sheet. Place one row of rectangles onto the lined baking sheet. Spoon approximately 1 tablespoon of strawberry filling onto the center of each rectangle, making sure the filling doesn’t get too close to the edges. Carefully, with a pastry brush or your finger, brush milk onto the edges of the dough. Top each bottom rectangle with a second piece of rectangular dough. Using your fingers, press down the edges. Then, with a fork, lightly press down to seal the edges of the dough all around. With a sharp knife, cut a 3 or 4 small slits in the top of each poptart (about ½ inch each). Bake the pastries in the preheated oven, until golden brown, for about 25 to 30 minutes. Remove from the oven and allow them to cool completely. Beat the egg white on medium-high speed until peaks form. Add the powdered sugar, mixing gradually, and add the vanilla toward the end. Once the frosting is finished, spread onto each poptart and enjoy!",45 minutes,https://www.momables.com/easy-homemade-poptarts-recipe/
Ham Cucumber Sandwich,2 slices of sandwich bread | Mayonnaise and mustard (optional) | 2 ounces deli ham (sliced) | 1/4  cucumber (sliced) | Lettuce leaves,"Spread the mayo and mustard on the sandwich bread. Top one slice with the lettuce, the cucumber slices, ham, and another lettuce leaf. Place the other slice of bread on top and close the sandwich. Slice in half. Place the sandwich in a lunch container. In a separate compartment or container, pack fruit, veggies, or lunch sides. Refrigerate until you place the lunch inside a lunch bag with an ice pack if necessary.",5 minutes,https://www.momables.com/ham-sandwich-with-cucumbers/
Crunchy Ham &amp; Cheese Pinwheels,1 tablespoon hummus or mayonnaise | 1  large flour tortilla | 2- ounces deli ham | 1 slice of Swiss or Provolone (halved) | 2  large lettuce leaves,"Spread the hummus or mayonnaise over the tortilla. Top with ham, cheese, and lettuce.  Starting at one end, tightly roll the tortilla into a roll. Wrap the entire roll with plastic wrap and refrigerate overnight. If making this the morning of, skip this step and proceed with the recipe.  When you're ready to pack, remove the plastic wrap and cut the roll into 1-inch pinwheels.  Add the pinwheels to a compartmentalized lunch container, keeping them separate from the veggies and fruit.  Close the container and pack it into a lunch bag with an ice pack. ",8 minutes,https://www.momables.com/crunchy-pinwheels/
Grapes &amp; Cheese Bento,1 1/2 cups grapes | 1  apple (sliced) | 2 ounces cheese (cubed) | 1 tablespoon almonds,Wash the grapes and remove them from the vine if desired. Place the grapes in the largest compartment of the lunchbox. Slice the apple into slices and pack them along with the grapes. Place the cubed cheese in another compartment. Place the almonds in the smallest compartment of the lunchbox or swap for a hard-boiled egg for more protein.,5 minutes,https://www.momables.com/grapes-cheese-bento/
Coconut Flour Tortilla Wraps (Grain-Free),1/2 cup fine coconut flour | 6  large eggs | 1 1/4 cup milk (any) | pinch salt | 1 teaspoon unflavored gelatin* (optional) | Oil or spray for cooking,"In a large bowl, whisk the eggs with the milk until combined.  Add the coconut flour and salt, stir to combine, and set aside for 5 minutes for the coconut to absorb the liquid. If using the gelatin, add it now by sprinkling it over the batter and whisking until no clumps are visible. Wait an additional 5 minutes.  Lightly grease a small non-stick pan and set over medium heat. Pour about 1/4 cup of batter into the skillet, and turn the pan to evenly distribute the batter to the edges (like making crepes). Immediately the pan with a fitted lid, reduce the heat to medium, and once the edges begin to lift and some bubbles puff up in the middle of the wrap, remove the lid and use a spatula to flip the wrap over. Cook the tortilla on the other side for an additional minute and remove it from the pan onto a plate. Repeat with the remaining batter.",10 minutes,https://www.momables.com/grain-free-lunchbox-wraps-recipe/
Freezer-Friendly Breakfast Burritos,"6  large eggs | 1 tablespoon oil | 1  medium tomato (finely diced) | 1 cup shredded cheese | 6  8-inch tortillas (gluten-free, if needed) | 6  parchment paper squares (about 10 inches) | Additional toppings (avocado, and salsa (optional))","In a medium bowl, whisk eggs. In a medium skillet (about 10 inches) over medium-high heat, heat olive oil and pour in whisked eggs. Once they start cooking, add in your diced tomato and any other add-ins you like in your burritos. Continue to stir the egg and topping mixture until fully cooked and remove pan from heat. On a flat surface, place a tortilla on top of a parchment paper square. Top the tortilla with ⅙ of the egg mixture, top with shredded cheese and any other toppings or salsa. Fold tortilla over the fillings, fold in the sides, and roll into a burrito. Once your breakfast burrito is closed, wrap with the parchment paper square. Repeat the process with remaining tortillas and eggs. Once cooled, transfer assembled burritos into a gallon-sized freezer bag and refrigerate for up to a week or freeze for up to one month. To eat, simply warm directly in the microwave until heated through. If frozen, thaw it first. Then slice each wrap in half and divide into lunch containers.",25 minutes,https://www.momables.com/freezer-friendly-breakfast-burritos/
Frozen Yogurt Bites,"1 cup mixed berries (for ours, we used strawberries, blackberries, and raspberries) | 1 cup vanilla Greek yogurt | Silicone ice cube tray (any shape)","Place the mixed berries in a small blender, and blend until they are coarsely chopped. Add the vanilla yogurt and blend until smooth. Pour the mixture into the silicone ice cube trays and transfer to the freezer. Freeze for 3 to 4 hours or until frozen solid. Once they&#39;re solid, transfer the frozen bites out of the trays into freezer bags.",245 minutes,https://www.momables.com/frozen-yogurt-shapes/
Apple Slices with Peanut Butter: School Snack Idea,2 tablespoons peanut butter | 1  apple (sliced) | 1 tablespoon chocolate chips,"Spread the peanut butter onto the apple slices and decorate with chocolate chips.  Place the apple slices into a lunch container. If packing something else, like fruits, veggies, or chips, use a lunchbox with compartments so you can keep things separated and avoid any mess. Add an ice pack in the lunch bag if necessary.",5 minutes,https://www.momables.com/apple-slices-with-peanut-butter/
Grilled Turkey Sandwich,4 slices sandwich bread | 1 tablespoon butter (for grilling) | 4 slices Cheddar cheese | 2 ounces deli turkey,"Place the sliced bread on a flat surface. Butter one side of each slice and flip over. Place a slice of cheese on each unbuttered side. Layer the turkey slices onto 2 slices. Assemble the sandwiches, making sure the buttered sides are facing out. Grease a medium non-stick skillet and heat over medium-high heat. One at a time, grill each sandwich for about 2 to 3 minutes until it’s golden and the cheese has begun to melt on that side. Flip the sandwich and grill on the other side for another minute or 2 until it’s golden and crispy and the cheese is melted. Serve immediately, or, to pack in a lunchbox, wait for the sandwich to cool to room temperature before packing inside a lunch container. If packing for lunch, add the veggies and additional snacks to the container, but place them in separate compartments to keep the sandwich bread dry.",10 minutes,https://www.momables.com/grilled-turkey-sandwich/
Homemade Baked Potato Chips,2  medium Russet baking potatoes | Olive oil cooking spray | Sea salt,"Preheat the oven to 425F. Line a baking sheet with parchment paper and set aside. Using a mandoline or slicer, THINLY slice the potato. Use a paper towel to dry off the excess moisture from the slices. This is crucial to help them bake evenly and to crisp up. Coat the parchment-covered baking sheet with the cooking spray. Evenly spread out the potato slices in a single layer, then spray the tops as well. Bake them for 18 to 20 minutes, until they begin to turn golden brown. Flip the slices about 11 to 12 minutes in. Once you get close to 18 minutes, keep an eye on them because they will brown and crisp up QUICKLY. Some slices may cook faster than others. Remove those slices, if that happens to a few. Once the potatoes reach your liking, remove the baking sheet from the oven and evenly sprinkle with the sea salt. Store them in an airtight container for about 3 to 4 days, if you have any left!",30 minutes,https://www.momables.com/homemade-potato-chips/
Almond Coconut Granola,3 cups rolled oats | 1 cup slivered almonds | 1 cup pumpkin seeds | 3/4 cup shredded sweet coconut | 1/4 cup flax seed (golden or toasted) | 1/4 cup plus 2 tablespoons sucanat (or brown sugar) | 1/4 cup plus 2 tablespoons maple syrup | 1/4 cup vegetable oil (sometimes I use coconut oil in liquid form) | 3/4 teaspoon salt | 1 cup raisins or cranberries,"Preheat the oven to 250F, and line two baking sheets with parchment paper or silicone mats (not waxed paper). In a large bowl, combine the oats, almonds, pumpkin seeds, shredded coconut, and flax. In a separate bowl, combine the sucanat, maple syrup, oil, and salt. Pour the wet ingredients into the dry ingredients, and mix well until all are evenly coated. Pour onto the baking sheets, and cook for 50 minutes, stirring every 15 to 20 minutes to achieve an even color. Remove from oven, and add the raisins. Allow the granola to cool completely before storing in an airtight container.",60 minutes,https://www.momables.com/homemade-granola-recipe/
Hard-Boiled Egg & Turkey Protein Bistro Box,2  hard-boiled eggs | 2 ounces deli turkey | 1 ounce cheese | 1 cup baby carrots | 1 tablespoon hummus (optional) | 1 tablespoon almonds (optional),"Cook hard-boiled eggs and once cool, peel them so they’re ready to be packed inside a lunchbox. On a flat surface, roll up turkey slices and cut the roll into a few pieces. Place them inside the lunch container along with 1 or 2 hard boiled eggs. Cube a few pieces of cheese and place them inside the lunch container. Pack baby carrots inside the lunch container or another veggie. If sending hummus or another dip, pack it separately, inside a small leak-proof container. Add almonds to this lunch or fruit, if desired.",5 minutes,https://www.momables.com/diy-protein-bistro-box/
Cinnamon Sugar Pretzel Bites Recipe,1 cup of warm water (100-110ºF) | 2 1/4 teaspoons active dry yeast | 3 cups bread flour (plus more for work surface) | 1 tablespoon salt | 2 tablespoons brown sugar (packed) | 4 tablespoons unsalted butter (softened) | 1/2 teaspoon vegetable oil | 8 cups water | 1/2 cup baking soda | 1/2 cup sugar | 1/2 teaspoon cinnamon | 3 tablespoons butter (melted),"In a large bowl, stir together the warm water and yeast. Let stand for 10 minutes to activate the yeast. In the bowl of your stand mixer, combine the flour, salt, and brown sugar. Turn the mixer on low, and add the softened butter and activated yeast. Scrape the sides a few times to combine. Switch the attachment to the bread hook and mix for another 5 minutes, dusting with a little more flour along the way to make sure it doesn’t stick to the sides of the bowl. Once the dough is elastic, remove it from the mixing bowl, and shape it into a ball. Transfer it to a lightly greased bowl and turn to coat with oil. Cover with a kitchen towel and let it rest overnight or 2-3 hours in a warm spot. Position one oven rack on the upper shelf and a second on the lower shelf. Preheat oven to 450F and generously grease 2 large baking sheets. In a 5-quart saucepan, bring the water and baking soda to a boil. Punch the down dough and divide into quarters. Form each quarter of dough into 4 balls. Roll each ball into a 12-inch long rope. Cut each rope into 6 2-inch pieces. Place a dozen pretzel bites into the boiling water and boil for 30 seconds. Using a slotted spoon, transfer onto the greased baking sheets. Bake the pretzel bites in the preheated oven, switching baking sheets between racks and rotating the baking sheets halfway through baking, until browned, 8 to 10 minutes (watch closely toward the end of baking; bites brown quickly in the last few minutes). Immediately transfer pretzel bites to wire racks to cool. In a small bowl, combine the sugar and cinnamon. Brush the pretzel bites with melted butter and lightly dip into the cinnamon-sugar mixture.",200 minutes,https://www.momables.com/cinnamon-soft-pretzel-bites-recipe/
Homemade Egg McMuffins,6  English muffins (sliced in half) | 6  large eggs | Salt and freshly ground black pepper | 6 slices Cheddar cheese | 6 slices deli ham,"Preheat oven to 350F. Grease 6 ramekins or jumbo muffin tin and place on a cookie sheet.* Crack one egg into each ramekin. Pierce the egg yolks with a fork, beat very slightly and season with salt and pepper. Bake the eggs for 12-15 minutes or until set. Remove from oven and allow to cool. Run a knife around the edge of each ramekin (or muffin cup) to remove the eggs. To assemble the breakfast sandwiches, layer one half of each English muffin with one slice of cheese, ham, and a cooked egg. Top with other half of English muffin. Wrap each Egg McMuffin in plastic wrap and place in the freezer. To reheat, place in microwave for 1-2 minutes, or until warmed through.",12 minutes,https://www.momables.com/homemade-egg-mcmuffins/
Salami & Cheese Sandwich,2 slices sandwich bread | Mayonnaise | 2 ounces salami (sliced thin) | 1 ounce cheese (sliced) | Lettuce leaves (optional),"Spread the mayonnaise over each slice of bread. Place a piece of lettuce onto one slice and top it with the Salami, cheese and remaining slice of bread.  Cut the sandwich in half and pack it into a compartmentalized lunch container. Fill the rest of the compartments with fruit and nuts. Refrigerate everything until ready to use. Pack container in a lunch bag with an ice pack.",5 minutes,https://www.momables.com/salami-and-cheese-sandwich/
Salami & Cheese Bento Lunch,1 ounce salami (sliced) | 1 ounce cheese (sliced) | 6  whole-grain crackers | 1 cup veggies,"Place salami and cheese slices inside the lunchbox. Pair with whole-grain crackers. In a separate compartment, pack veggies. If you want a dip, like Ranch of hummus, pack it separately in a small lidded container.",5 minutes,https://www.momables.com/salami-cheese-bento/
Bologna and Cheese Sandwich,"2 slices whole grain bread | 2 teaspoons mayonnaise | 2 ounces bologna | 1 slice mild cheese (American, Swiss, or Mozzarella) | 2  green lettuce leaves","Spread the mayonnaise over the bread slices. Place the lettuce on one slice and top it with the bologna and cheese. Top with the other slice of bread and close the sandwich. Cut the sandwich in half and serve it or pack it into a compartmentalized lunch container. If packing the sandwich for lunch, pack fresh fruit and veggies inside a lunch box. Refrigerate until ready to pack inside a lunch bag, with or without an ice pack.",5 minutes,https://www.momables.com/bologna-and-cheese-sandwich/
Waffle Breakfast Bento,8  mini waffles | 2 tablespoons whipped cream cheese | 1/2  peach (sliced thin*),"Lightly toast the mini waffles in a toaster. Alternatively, you can make one waffle sandwich with a regular-sized homemade waffle sliced in half and toast it. Spread a little whipped cream cheese directly onto each mini waffle. Place the sliced peaches on top and close the waffle sandwich. Place the waffle sandwiches inside a bento box along with some fruit and your favorite sides. Pack this breakfast bento inside a lunch bag, with an ice pack if necessary.",5 minutes,https://www.momables.com/waffle-breakfast-bento/
Turkey Club Wrap,1  flour or gluten-free tortilla | 1 cup chopped lettuce | 1/2 cup halved cherry tomato | 2 ounces sliced deli turkey | 1  hard-boiled egg (sliced) | 2 tablespoons shredded Cheddar cheese | 2 tablespoons Ranch dressing,"Place the tortilla onto a flat surface. Top the center of the tortilla with lettuce, tomatoes, chopped deli turkey, chopped hard-boiled eggs, cheese, and a drizzle of Ranch dressing.  Fold and roll burrito style and slice in half. Pack the wrap in a lunch container. If adding fruits and veggies, keep them separate. Close the container and pack it into a lunch bag with an ice pack. ",5 minutes,https://www.momables.com/turkey-club-wrap/
Easy Baked Apple Chips,"2  Granny Smith or Pink Lady apples (peeled, cored, and sliced thin) | 1/2 teaspoon cinnamon","Preheat oven to 225F. Line a large baking sheet with parchment paper. Core apple and slice as thinly as possible into rings. Arrange the apple slices on the baking sheet in an even layer. Sprinkle cinnamon over the apple slices. Bake for 45 minutes to an hour, or until the apple slices are crisp and golden brown. Remove from oven and allow to cool down to room temperature and enjoy.",70 minutes,https://www.momables.com/easy-baked-apple-chips/
Homemade Wheat Thins,1 1/4 cups 100% whole wheat flour | 1 1/2 tablespoons sugar | 1/2 teaspoon salt (plus extra for sprinkling) | 1/4 teaspoon paprika | 1/4 cup butter | 1/4 cup + 2 tablespoons water (or more if dough it too dry) | 1/4 teaspoon vanilla,"Preheat oven to 400F and line two baking sheets with parchment paper or silicone mat. In a large bowl, whisk together flour, sugar, paprika, and salt. Using a cheese grater, shred butter onto flour mixture. Using your hands, combine until thoroughly mixed. In a small dish, mix together the water and vanilla and pour the liquid into the flour and butter mixture. Stir this until it comes together. You made need to use your hands a bit to really mix this together. If the dough appears dry, add a touch of water, but not too much, as you do not want the dough to become sticky. Split the dough in half. On a floured surface or on a non-stick mat, roll out one half of the dough very thin about 1/16th inch. Using a pizza cutter, large knife, or cookie cutters, cut into whatever shape you desire. Immediately after cutting, transfer the crackers onto lined baking sheets. Repeat as necessary. Sprinkle with more salt, if desired. Bake for 8-10 minutes, watching closely because they can burn quickly. Halfway through baking, rotate the pans to ensure even baking. Remove from the oven and allow to cool down completely before storing in an airtight container.",30 minutes,https://www.momables.com/homemade-wheat-thins/
Fruit &amp; Veggie Stoplight Bento,1/2  red bell pepper (sliced) | 1  small orange (sliced) | 1/2 cup shelled edamame (thawed),Wash and slice the red bell pepper. Place it inside a lunchbox container. Rinse the shelled frozen edamame under water and pack it inside another compartment. The edamame will thaw by lunch. Slice an orange and pack the slices in a separate compartment.,5 minutes,https://www.momables.com/fruit-veggie-stoplight-bento/
Cinnamon Raisin Fruit Leather,2 cups golden or brown raisins | 1  small pear (peeled and cut into pieces) | 2 cups of water | 3 teaspoons cinnamon,"Bring 2 cups of water to boil. Meantime, place raisins and diced pear inside a large bowl. Once water boils, pour it inside the bowl. With a fork, mix ingredients around and wait 20 minutes for raisins to plump up. Using a 1-cup measuring cup, remove ¾ cup of liquid. Add cinnamon and mix ingredients around. Carefully pour cinnamon-plumped fruit and liquid inside a blender or food processor and blend well until it becomes a paste or thick puree. Preheat the oven to 200F and line two cookie sheets with parchment paper. Pour half the mixture onto the lined cookie sheet. Spread it thinly on first sheet with the back of a spoon. You might need to add more to cover the entire baking sheet. Less is more here. Pour remaining mixture onto a second sheet. Bake in mid to lower parts of your oven for 2.5-3 hours. After 2.5 hours check every 15-20 minutes. This is one recipe that is ok to open up the oven to check for doneness. You are looking for the fruit to peel away easily from the parchment and has become dehydrated. Oven temperatures and cooking times will vary, so keep an eye on these after 2.5 hours. When done, remove from oven and allow to cool. Using scissors cut into 1″ strips across your pan. It will be sticky. Roll them up and store in an air tight container for up to 2 weeks (if they last that long).",210 minutes,https://www.momables.com/cinnamon-raisin-fruit-leather/
Fruit and Yogurt Lunchbox Parfait,2 tablespoons granola | 1 1/2 cups yogurt (or dairy-free yogurt) | 1/2 cup diced strawberries or blueberries,"Pack the granola into 2 lidded sauce containers. Divide half the yogurt between 2 chilled thermos containers. Top with berries and remaining yogurt. Top with lid and seal, pack into lunch bags along with the granola.",5 minutes,https://www.momables.com/how-to-pack-yogurt-in-lunchbox-parfait-recipe/
Valentine's Day Pretzel Hearts,48  mini pretzel twists | 6 ounces white chocolate chips | 48  Valentine's Day Conversation hearts,"Line a large baking sheet with parchment paper and line up pretzels by making six rows or eight pretzels on the baking sheet. In a microwave-safe bowl, melt the white chocolate chips, stirring to make sure they don’t burn every 30 seconds. Transfer melted white chocolate into a parchment bag or zip bag, cutting a small hole in the tip of the bag. Pipe melted white chocolate inside the pretzel to form a heart shape and immediately add a conversation heart in the middle. Repeat the process with the remaining ingredients. Chill pretzels until set, about 30 minutes. Separate from parchment paper and store in a dry airtight container or bag as treats.",45 minutes,https://www.momables.com/valentines-day-pretzel-hearts/
No-Bake Oatmeal Raisin Energy Balls,1 cup rolled oats | 1 cup coconut flakes | 1/2 cup ground flax seed | 1/2 cup mini chocolate chips (or raisins) | 1/2 cup peanut butter (or other nut/non-nut butter*) | 1/3 cup honey | 1 teaspoon vanilla,"In a medium bowl, mix the oats, coconut flakes, flax seed, mini chocolate chips, if using, and raisins. In a small bowl, whisk together the peanut butter, honey, and vanilla. Pour the peanut butter mixture into the oat mix, until thoroughly incorporated. Let it chill in the refrigerator for half an hour. Once chilled, roll it into balls. Store in an airtight container or lunchbox, and keep refrigerated for up to 1 week.",40 minutes,https://www.momables.com/easy-snack-no-bake-energy-bites/
Chocolate Covered Apple Slices- 6 Ways!,1  apple (sliced) | 1/2 cup dark chocolate chips | Shredded coconut | Chopped peanuts | Chia seeds | Chopped dark chocolate | Chopped banana chips | Granola,"Slice the apple into wedges, removing the core and seeds. In a small bowl, add chocolate chips. Microwave in 30-second intervals until completely melted, stirring in between. On a cutting board or parchment paper, place all the toppings separately. Dip each apple slice into the chocolate, then roll into a topping. Place onto a sheet of parchment paper until the chocolate hardens. Repeat until you use all the apple slices and toppings.",15 minutes,https://www.momables.com/chocolate-covered-apple-slices-6-ways/
Healthy Chocolate Chip Snack Bars,2 cups raw cashew pieces* | 12  pitted Medjool dates | 1/2 teaspoon vanilla extract | Pinch of salt | 1/4 cup mini chocolate chips or chocolate chunks,"Line a 9x9-inch pan with parchment paper. In the bowl of the food processor, pulse cashew pieces and dates until they begin to form a paste. Add in vanilla extract and salt, and continue to process until the mixture is a cohesive paste. Add in chocolate chips and pulse to combine. Spread mixture over parchment paper and with your hands, press down and spread evenly, to about 1/2 – 3/4 inch thick. Refrigerate for 1-2 hours until firm. Picking up the parchment paper, remove from pan and cut into individual bars. Wrap individually and store in refrigerator for about a week. Bars can also be wrapped and frozen.",10 minutes,https://www.momables.com/healthy-lunchbox-chocolate-chip-cookie-dough-snack-bars/
Egg Roll in a Bowl Recipe lunchbox,"2 tablespoons sesame oil | 1  med onions (finely chopped) | 1 pound ground beef (chicken, or pork (or finely chopped chicken)) | 1/2 teaspoon black pepper | 1 teaspoon garlic powder | 1 1/2 teaspoons salt | 1 tablespoon Sriracha | 16- ounce bag coleslaw mix | 1 tablespoon coconut aminos or soy sauce | 1 tablespoon rice wine vinegar | 16- ounce bag cauliflower rice or 4 cups riced cauliflower","In a large skillet over medium-high heat, heat the sesame oil. Add the onion and sauté until the onions are translucent. Add the meat, black pepper, garlic powder, salt, and Sriracha, cook until the meat is cooked through. Add the coleslaw mix, coconut aminos or soy sauce, and rice wine vinegar. Sauté until the cabbage is tender. Prepare cauliflower rice or white rice according to package instructions. Serve the Egg Roll mixture over the cauliflower or white rice. Make a base of rice at the bottom of a hard lunch container with compartments and top with the egg roll mixture. Keep fruit and edamame in different sections of the bento container. Pack any sauces such as soy sauce and Sriracha separately in small dip containers and pack everything in a lunch bag with an ice pack.",5 minutes,https://www.momables.com/egg-roll-in-a-bowl-recipe/
Turkey Pasta Salad with Tomatoes,1 cup cooked pasta | 2 ounces deli turkey (rolled and sliced) | 1/4 cup matchstick or shredded carrots | 1/4 cup grape tomatoes (halved ) | 1 tablespoon black olives (sliced ) | 1 tablespoon dressing of choice | 1/2 cup berries or fruit (optional) | 1  hard-boiled egg (optional),"In a medium bowl, combine the pasta, turkey, veggies, olives, and dressing. Toss to coat the ingredients with the dressing. Add the pasta salad to a chilled thermos or lunch container and pack it into a lunch bag. If using a regular plastic container, be sure to include an ice pack. Any additional snacks should be packed into a separate container or compartment.",5 minutes,https://www.momables.com/pasta-salad-with-turkey/
Broccoli Nuggets,16- ounce bag of broccoli florets (thawed) | 3  eggs | 1 cup bread crumbs | 1 cup shredded sharp cheddar cheese | 2 teaspoons Italian seasoning | 1/2 teaspoon garlic powder | 1/4 teaspoon salt,"Preheat the oven to 375F and like a baking sheet with parchment paper. Place broccoli florets inside a food processor and pulse until finely chopped. Add eggs, breadcrumbs, cheese, and seasoning to the veggie mixture. Process a few pulses until every combined. Using a small cookie scoop, place veggie nugget scoops onto the baking sheet. Gently press them down so all nuggets are the same height. Bake for 20-25 minutes until the tops are golden. Remove from the oven and allow them to cool slightly prior to serving. Store leftovers in an airtight container and refrigerate up to 3 days.",35 minutes,https://www.momables.com/broccoli-nuggets-recipe/
Canned Salmon Salad Lunch,5 ounce can salmon (drained) | 1 tablespoon mayonnaise | 1/4 cup diced celery | 1 teaspoon lemon juice | 1/4 teaspoon cumin | 1/4 teaspoon salt | 1/4 teaspoon black pepper | Fruits and veggies | Crackers,"In a large bowl, use a fork to break the large salmon chunks into smaller flake-like pieces. Add the mayonnaise, diced celery, lemon juice, cumin, salt, and pepper to the bowl, and stir to combine. Use immediately or refrigerate in an airtight container for up to 3 days.  Scoop half of the salmon salad in the main compartment of a lunch box. Pack fruit and veggies in a separate compartment. In another compartment or small container, pack crackers. Refrigerate the lunch box until it’s time to pack it for school. Add an ice pack inside the lunch bag.",10 minutes,https://www.momables.com/salmon-salad-pita-lunch/
Healthy Bell Pepper Nachos Lunch,1  bell peppers (sliced into nacho size pieces) | 1/4 cup leftover taco meat | 1/8 cup salsa (divided) | 2 ounces shredded Cheddar cheese | 1 ounce black olives | 1/8 cup guacamole | 1 tablespoon sour cream,"Place one oven rack on the middle shelf and preheat the oven to 350F. Line a large baking sheet with parchment paper. Place the sliced bell peppers onto the baking sheet and bake for 5 minutes. Remove from the oven and top with taco meat, salsa, cheese, black olives, and any other toppings you want to be heated. Place the baking sheet in the oven and bake until the cheese is melted, about 5 minutes. Remove the nachos from the oven and allow them to cool before serving. If packing into lunch containers, allow the nachos to cool down to room temperature before packing into lunch containers. Pack the guacamole and sour cream into separate sauce containers.  Refrigerate until ready to pack in a lunch bag.",30 minutes,https://www.momables.com/healthy-bell-pepper-nachos-lunch/
Homemade Velveeta Cheese Sauce,16 ounces natural American cheese | 8 ounces sharp Cheddar cheese | 1 1/2 cup milk | 1 teaspoon cumin powder | 16 ounces natural American cheese | 8 ounces sharp Cheddar cheese | 1 cup milk | 1 teaspoon cumin powder | 10- ounce can diced tomatoes &amp; green chilies (drained),"Place all the ingredients inside a large microwave-safe bowl. Microwave on high for 5 minutes, stopping to stir every 1 to 2 minutes. The mixture might seem watery during the first few stirs, but it should thicken after all the cheese is melted. Serve immediately as a dip with tortilla chips.  Place all the ingredients in a small slow cooker (that will fit at least 4 cups of liquid). Turn it on high for 2 1/2 hours. Mix the ingredients every hour to prevent the cheese from sticking to the walls and possibly burning. Reduce the heat to the lowest setting, and serve.",15 minutes,https://www.momables.com/momveeta-i-cant-believe-its-not-block-cheese/
Easy Peanut Butter &amp; Jelly Roll-Ups,2 slices bread | 2 tablespoons peanut butter | 1 tablespoon jelly | 1/2 cup mixed berries | 1/2 cup vanilla Greek yogurt | Fruit Leather,"Use a knife to remove the crusts from the bread. Flatten each slice with a rolling pin or large glass.  Spread the peanut butter and jelly over the slices and roll tightly. Cut each roll into 1-inch rounds and pack them into the lunch container.  Add the yogurt, berries, and fruit roll-ups to the empty compartments. *If needed, pack the yogurt into a thermos container.  Place the lunchbox (and thermos) into a lunch bag with an ice pack, or refrigerate everything overnight. ",8 minutes,https://www.momables.com/pbj-roll-ups/
Strawberries &amp; Cream Pancake Sandwiches,2  4-inch round pancakes | 2 tablespoons whipped cream cheese | 2  large strawberries (washed and sliced) | 1  orange (sliced) | 1/2 cup trail mix (any kind),Toast the pancakes in a toaster or toaster oven. Spread the cream cheese onto both pancakes. Top one with sliced fruit and the remaining pancake. Cut the pancake sandwich in half and place it into a lunch container. Add the fruit and trail mix to the empty compartments and top with a lid. Pack the container in a lunch bag with an ice pack.,5 minutes,https://www.momables.com/pancake-sandwiches/
Hawaiian Ham and Cheese Sliders,1  fresh or canned pineapple ring (halved) | 1 teaspoon yellow mustard | 2 teaspoons mayonnaise | 2  Hawaiian rolls | 2 slices ham (halved) | 1 slice cheese (sliced in half) | 1/2 cup baby carrots | 1/2 cup celery sticks | Ranch dressing or Yogurt Dip (for veggies),"If using canned pineapple, drain the liquid and blot the ring with a paper towel to soak up excess moisture. In a small bowl, combine the mustard and mayonnaise. Slice the rolls in half, and spread the mixture over each half. Cut the ham slices in half, then fold each half into quarters. Place a folded ham quarter over each roll half, top two of those with a pineapple ring and top with sliced cheese to close the rolls.  Place the sliders into a lunch container, and add the veggies and dip to the empty compartments. Close the container and pack it into a lunch bag with an ice pack.",5 minutes,https://www.momables.com/hawaiian-sliders/
Peanut Butter Nutella Sandwich Sushi,2 slices of white or whole wheat sandwich bread | 1 1/2 tablespoons peanut butter | 1 1/2 tablespoons Nutella | 1/2  cucumber (sliced) | Handful cherry tomatoes | Pretzels,"Remove the crust from the bread and spread the peanut butter onto one slice and Nutella on the other. Starting at one end, roll each slice of bread into a small roll and cut it into 3 to 4 rounds. Alternate threading a Nutella roll and peanut butter roll onto each skewer, about 4 rolls per skewer. Pack the kabobs into a compartmentalized lunch container, adding the veggies and pretzels into separate compartments. Close the lunch container and pack it into a lunch bag with an ice pack.",5 minutes,https://www.momables.com/peanut-butter-and-nutella-sandwich-rolls/
Easy Turkey Pita Sandwich,1  pita round (halved) | 1 tablespoon hummus | 4  large lettuce leaves | 2 ounces deli turkey | 2 slices tomato | 3-4 slices of cucumber | 1 slice cheese (halved),"Open the pita halves and spread the hummus into each half. Layer one side of each with a piece of lettuce and top with deli turkey, tomato, cucumber, cheese, and the remaining lettuce. Place the pita pockets into a compartmentalized lunch container and pack the additional snacks into separate compartments or cintainers. Close the lunch box and place it in a lunch bag with an ice pack.",5 minutes,https://www.momables.com/turkey-pita-sandwich/
Tasty Peanut Butter Banana Sandwich,2 slices of sandwich bread | 2 tablespoons peanut butter | 1/2  banana (sliced),"Spread the peanut butter on both slices of bread. Top one slice with the banana slices, covering most of the surface. Place the second bread slice on top to close the sandwich. Slice it in half if you want and place the sandwich inside a lunch container. Pack your favorite sides, like fresh fruit and veggies, in separate compartments If packing a dip, use a small, spill-proof lidded container. And, if packing dry snacks or sides, like crackers, pack them in their own compartment or container to prevent them from getting soggy.",5 minutes,https://www.momables.com/peanut-butter-banana-sandwich/
Easy Dinosaur Sandwiches,2 slices of sandwich bread | mayonnaise or butter (optional) | 2 ounces deli ham or turkey | 1 slice of cheese (your favorite),"Place the bread on a flat surface and spread the mayonnaise or butter thinly, just enough to keep the bread moist. Place the deli meat and cheese centered and inside the bread crust of one slice of bread. Close the sandwich. Place the sandwich cutter on top of the sandwich and gently press down until you feel the board. Slowly jiggle to pierce through the bread, lift the cutter, and remove the outer crusts.  With your hands, gently push the shaped sandwich away from the sandwich cutter on the board. Pack the sandwich inside its own lunch box compartment, along with any sides like fruit and veggies in separate compartments. Close the lunch container and refrigerate or pack it into a lunch bag with an ice pack.  ",5 minutes,https://www.momables.com/dinosaur-sandwiches/
Egg Salad Sandwich for School,2  hard boiled eggs (finely chopped) | 1/2 tablespoon yellow mustard | 1 1/2 tablespoons plain Greek yogurt (or mayo) | 1/4  teaspoon paprika | pinch salt &amp; pepper | 2 slices sandwich bread | 2  green lettuce leaves | 3/4 cup Mayo-Free Egg Salad,"In a medium bowl, combine the mustard, plain Greek yogurt (or mayo), paprika, salt and pepper. Add the chopped eggs to the mixutre and mix to combine. Place the sandwich bread on a flat surface, top with lettuce leaves and egg salad in the middle. Slice in half and place inside a lunch or sandwich container. Pack fresh veggies and fruit and your favorite lunch sides inside a bento box or separate compartments of the lunchbox. Add an ice pack inside the lunch bag to help maintain a cool temperature.",5 minutes,https://www.momables.com/classic-egg-salad-sandwich/
Turkey &amp; Cheese Sushi on a Stick,1/2 tablespoon mayonnaise or hummus | 2 slices white or wheat sandwich bread | 2 slices deli turkey or ham | 1 slice of cheese (halved) | 1/2 cup cucumber (sliced) | 1/4 cup grape tomatoes | 1- ounce crackers,"Spread the mayonnaise onto both slices of bread. Top each slice with 1 piece of deli turkey and cheese. Starting at one end, roll up the ingredients into 1 roll.  Slice each roll into 3-4 rounds and skewers the pieces onto an appetizer pick.  Add the skewers into a compartmentalized lunch container, and pack the veggies and crackers into separate compartments. Close the lunch container and place it in the lunch bag with an ice pack. ",8 minutes,https://www.momables.com/turkey-cheese-sushi-on-a-stick/
Blueberry Bread Sandwich,1 tablespoon whipped cream cheese | 1 slice of blueberry bread | 1/3 cup mixed berries or fresh fruit,Cut the slice of blueberry bread in half and spread the whipped cream cheese onto one half. Assemble the sandwich and wrap it with plastic wrap. Place the sandwich into a snack container and add the berries into a separate compartment or container. Close the lid and pack the container into a lunch bag with an ice pack.,5 minutes,https://www.momables.com/blueberry-bread-sandwich/
Chicken Strip Salad for Teens,2 cups chopped Romaine lettuce | 1/2 cup grape tomatoes | 1/4  avocado (diced) | 2  chicken tenders (cooked and sliced) | 2 tablespoons Ranch dressing,Make a green salad base inside a container with chopped Romaine lettuce. Top with grape tomatoes and diced avocado. Place the sliced chicken strips on top of the salad. Fill a small lidded container with the dressing and drizzle over the salad at lunch. Refrigerate the chicken salad or pack it with an ice pack inside a lunch bag.,5 minutes,https://www.momables.com/chicken-strip-salad/
Mini Quinoa Pizza Bites | MOMables,"Cooking spray | 1 cup cooked quinoa | 1 cup shredded mozzarella cheese | 1 cup of your favorite pizza toppings (chopped (pepperoni, olives, peppers, onions, spinach, ham, etc.)) | 1/4 cup tomatoes (chopped) | 1  egg | 1 teaspoon Italian seasoning | 1/2 teaspoon garlic (minced) | 1/2 teaspoon salt | 1/4 teaspoon black pepper | Pizza sauce (for dipping)","Preheat oven to 350F. Lightly grease a 24-count mini muffin pan with cooking spray (or make 2 batches in a 12-count pan). In a large bowl, add all ingredients except pizza sauce. Stir until all ingredients are mixed well. Scoop mixture into each mini muffin cup; fill to the top of each. Bake for 20-25 minutes. Let them cool in the pan for 10 minutes before removing. Pack pizza sauce in a separate container in a lunch box for dipping.",25 minutes,https://www.momables.com/mini-quinoa-pizza-bites/
Healthy Chocolate Avocado Pudding,3  bananas | 2  avocados (peeled and pitted) | 6 tablespoons unsweetened cocoa powder | 2 tablespoons honey | 1 teaspoon vanilla extract,"Place the bananas, avocados, cocoa powder, honey, and vanilla into a food processor or blender, blend until smooth. Refrigerate for at least 2 hours before serving. Add the amount of pudding you want into a pre-chilled lunch thermos or airtight jar. Keep everything refrigerated until time for school and then pack it into an insulated lunch bag with an ice pack and a spoon.",5 minutes,https://www.momables.com/chocolate-avocado-pudding/
Broccoli Tater Tots,2  medium potatoes (peeled and diced) | 2 cups raw broccoli (chopped) | 2 cups parmesan cheese (divided) | 1 tablespoon Italian seasoning,"Preheat oven to 425F, place oven rack in the middle of the oven, and line a baking sheet with parchment paper or a silicone mat. Boil, steam, or microwave the potatoes to the point where a fork punctures through but they are too tough to eat -about 10 minutes in boiling water, 5-6 in the microwave. Drain the potatoes and set them aside. In a food processor, pulse the broccoli florets until it resembles rice. Add the semi-cooked potatoes, 1 1/2 cups of the parmesan cheese, and seasoning, pulse to combine, and break up the potatoes. With a spatula, fold the ingredients together to combine, making sure no large pieces of potatoes were left behind. With your hands, begin forming small balls -smaller than meatballs, larger than traditional tater tots. Roll each ball in parmesan cheese and place on the lined baking sheet. Repeat the process with the remaining mixture. Bake for 12 minutes, or until they are golden brown. Remove from heat and serve. Allow the broccoli tater tots to cool down to room temperature before packing in the lunchbox. Leftovers last 3 days in the fridge.",27 minutes,https://www.momables.com/broccoli-tator-tots/
Zucchini Parmesan Waffles,2 cups shredded zucchini (roughly 2 medium zucchini) | 1/4 teaspoon salt | 1  large egg | 1/4 cup milk | 1/2 cup grated Parmesan (divided) | 1/2 cup all-purpose flour* | 1/2 teaspoon Italian seasoning | Oil or non-stick spray for waffle-maker,"Place the shredded zucchini in a colander and sprinkle with about 1/4 teaspoon salt. Let the salted zucchini sit for about 30 minutes, rinse with cold water, and press out as much of the moisture as possible. Alternatively, ring out zucchini inside a clean kitchen towel to remove excess water. Preheat your waffle maker to medium heat.  In a large bowl, whisk together the egg, milk, and 1/4 cup of the grated Parmesan cheese. In a small bowl, combine the flour with Italian seasoning. Combine the egg and milk mixture with the flour mixture. Once the batter is thoroughly mixed, add in the grated zucchini and stir until everything is well combined. Spray or coat your waffle iron with oil. Place rounded tablespoons of the batter on the waffle iron, leaving room for the fritters to spread slightly. Close the lid and cook until lightly browned about 3-5 minutes. Serve warm and sprinkle waffles with the remaining Parmesan cheese. Refrigerate leftovers for up to 4 days. Reheat the waffles in the toaster or toaster oven on medium heat for 1 minute or until the edges are golden and crispy.  If adding a dip, pack it in a small sauce container. Pack everything in the lunch bag.",40 minutes,https://www.momables.com/zucchini-parmesan-waffles/
Spinach Turkey Wraps with Hummus,2 tablespoons hummus | 1  large flour tortilla | Handful of fresh spinach chopped or 1 cup chopped lettuce | 2-3  tomato slices | 2 ounces sliced deli turkey | 1 cup strawberries,"Spread the hummus over the tortilla and top it with fresh spinach, tomato, and turkey. Fold and roll the tortilla tightly before cutting it in half. Pack the wrap into a compartmentalized lunch container. Add the fruit into a separate compartment and top with a lid. Place the lunchbox in a lunch bag with an ice pack.",5 minutes,https://www.momables.com/spinach-turkey-wrap/
Homemade Lara Bars,1 cup pitted dates () | 1/2 cup peanuts | 2 tablespoons creamy peanut butter | 1/3 cup mini chocolate chips,"In a food processor, process the dates and peanuts until they begin to form a paste. Add in the peanut butter and continue to process until a dough begins to form. Next, add in the chips and pulse a few times to combine.  Line a 9x5-inch loaf pan with parchment paper or plastic wrap and spoon in the mixture. Press firmly in the loaf pan, until about 3/4-inch thick. Refrigerate for 1 to 2 hours until firm. Lift up the parchment liner, remove from the loaf pan, and cut into 6 bars. Wrap individually and store in the refrigerator for up to a week. ",130 minutes,https://www.momables.com/homemade-lara-bars/
Easy Spinach Balls for the Lunchbox,1/2 cup unsalted butter | 1/2 cup onions (chopped) | 1 clove garlic (minced) | 2 10- ounce packages frozen chopped spinach (thawed and drained*) | 1 1/2 cups breadcrumbs | 6  eggs | 1 cup grated Parmesan cheese | 1/4 teaspoon salt | 1/4 teaspoon pepper,"Preheat the oven to 350F. Line a baking sheet with parchment paper. In a large pan, melt the butter over medium-high heat. Add the onions and cook until soft. Add the garlic and stir. Remove from heat and set aside. In a large bowl, combine the spinach, breadcrumbs, eggs, Parmesan cheese, salt, pepper, and butter mixture. Stir to thoroughly combine. Using a small cookie scoop or spoon, scoop the mixture into your hands and roll into a ball and place them on the baking sheet. Bake for 15 to 20 minutes, until lightly browned.",35 minutes,https://www.momables.com/spinach-bites-recipe/
7 Layer Mexican Dip Snack Cups,8- ounce package guacamole or 1 cup Easy Guacamole Recipe | 15- ounce can black beans (rinsed and drained) | 1 cup sour cream | 1 cup fresh salsa | 1 cup shredded sharp Cheddar | 2  medium tomatoes (diced small) | 8- ounce can sliced black olives | Minced green onion (for topping),"Line up all your ingredients and 6 small lidded jars plastic cups. Layer about 2 tablespoons of each ingredient: guacamole, black beans, sour cream, salsa, shredded cheese, diced tomatoes and black olives inside every cup. Top with green onions and refrigerate.",5 minutes,https://www.momables.com/7-layer-mexican-dip-cups/
How to Make Mini Egg Cups,6  eggs | 3 tablespoons milk | 1/2 cup pepperoni slices | 1 cup shredded mozzarella,"Preheat oven to 350F and grease 24-count mini muffin pan. In a large bowl, whisk eggs and milk. Add in chopped pizza toppings and shredded cheese. Mix to combine all ingredients. Distribute egg mixture evenly into muffin pan cups. Bake for 15-18 minutes. Allow mini egg cups to cool in pan before carefully removing with a small knife or spatula.",28 minutes,https://www.momables.com/how-to-make-egg-cups/
Rotisserie Chicken Lunch Wrap,"2 cups rotisserie chicken (shredded) | 1/2 cup shredded cheese (any kind) | 1  small green onion (diced) | 1/2 cup ranch dressing | 4  large flour tortillas (spinach, whole wheat, or gluten-free) | 2 cups shredded lettuce (optional) | Fruit and veggies of your choice","In a large bowl, mix the chicken with shredded cheese, green onions, and ranch dressing until combined.   Place the tortillas onto a large cutting board and top each with a portion of the chicken mixture and shredded lettuce. Fold and tuck the sides in before rolling tightly. Wrap with a paper towel or plastic wrap to keep the filling intact.  Cut each wrap in half and pack it into a compartmentalized lunch container. Add your choice of fruit and veggies to the empty compartments.  Close the container and place it in a lunch bag with an ice pack. ",10 minutes,https://www.momables.com/ranch-chicken-wraps-lunch/
Egg Salad Stuffed Celery Snackbox,2 sticks celery (cut in half) | 1/2 cup no-mayo egg salad (or your favorite) | 1 tablespoon black olives (sliced) | 1  small apple (sliced) | Veggies,Wash and prep the celery sticks. Fill each with the egg salad and top with black olives. Place the celery sticks into a compartmentalized lunch container and add the sliced apple and veggies into separate compartments. Close the container and pack it into a lunch bag with an ice pack.,5 minutes,https://www.momables.com/egg-salad-celery-snack/
Grilled Peanut Butter &amp; Banana Sandwich,2 tablespoons peanut butter | 2 slices of sandwich bread | 1/2  banana  (sliced) | Butter (for grilling) | 1/2 cup grape tomatoes | 1  small cucumber  (sliced),"Heat a non-stick pan over medium heat. Spread the peanut butter onto 1 slice of bread, and top with the sliced banana, and the remaining slice of bread. Butter both sides of the sandwich and place it into the hot pan. Grill for 2 minutes before flipping and grilling for an additional 2 minutes or until the sandwich is golden brown on both sides. Remove the sandwich from heat and allow it to cool down to room temperature before packing it into a lunch container with veggies.",6 minutes,https://www.momables.com/grilled-peanut-butter-banana-sandwich/
Grilled Chicken Sandwich with Pesto,2 tablespoons basil pesto | 2 slices of hearty sandwich bread | 3 ounces cooked chicken breast (thinly sliced) | 1-2 slices of mozzarella cheese | Butter (for grilling),"Spread the pesto over both slices of bread. Layer the chicken and cheese onto one slice and assemble the sandwich. Butter both sides. In a medium non-stick pan over medium-high heat, grill the sandwich for 2 to 3 minutes until the bottom is golden brown. Flip and continue to grill until the cheese is melted. Remove from heat and allow the sandwich to cool to room temperature. Once cooled, slice it in half and pack it inside a lunch container. If adding veggies or fruit, be sure to pack them in a separate compartment or container. Close the lunchbox and place it in the lunch bag with an ice pack.",8 minutes,https://www.momables.com/grilled-chicken-pesto-sandwich/
Ham &amp; Cheese Sub Sandwich Lunchbox,1  small hoagie roll | 1/2 tablespoon mayonnaise | 2 ounces deli ham or turkey (sliced) | 1 slice cheese (halved) | 1 cup strawberries (quartered) | 1/2 cup carrot chips | 1 tablespoon ranch dressing or dip,Open the hoagie roll and spread the mayo onto both sides. Top one side with the deli ham and cheese and close the sub. Pack the sandwich into the lunch container. Fill the empty compartments with the strawberries and carrots chips. Fill a mini sauce container with the ranch dressing or dip.  Pack the lunch containers into a lunch bag with an ice pack and your choice of drink. ,5 minutes,https://www.momables.com/lunchbox-wars-sub-sandwich/
Cheddar &amp; Apple Quesadillas,1 tablespoon mayonnaise | 2  8-inch flour tortillas | 1  small apple (thinly sliced) | 1/2 cup shredded Cheddar cheese | Butter or cooking spray (for grilling),"Spread a thin layer of mayonnaise over each tortilla. Top 1 tortilla with the sliced apples, cheese, and remaining tortilla.  Lightly grease a medium, non-stick skillet with butter or cooking spray and heat over medium heat. Add the quesadilla and grill for 3 minutes or until the cheese is melted. Flip and grill for another minute or until the bottom is golden brown. Remove the quesadilla from heat, slice, and serve.  Wait 5 minutes until the quesadilla has cooled down to room temperature before packing it. To enjoy at room temperature, refrigerate the lunch until you’re ready to pack it inside an insulated lunch bag and include an ice pack if necessary. To eat warm, heat the quesadillas in the microwave for 1 minute, stopping the microwave halfway through to flip them over. Immediately transfer them inside a thermos container and close the lid. Finish packing this lunch by adding fruit, veggies, and any other sides inside a bento box. Pack everything inside a lunch bag.",7 minutes,https://www.momables.com/apple-quesadilla-recipe/
Healthy Chicken Salad Quesadilla,1  large flour tortilla | 1/2 cup - 3/4 cup Chicken Salad | Carrot chips | Celery sticks | Blueberries,"Place the tortilla onto a flat surface and spread the chicken salad onto one side. Fold into a half-moon and cut in half. Pack the quesadillas wedges into a compartmentalized container. Add the veggies and fruit to the container, keeping them separate from the quesadilla. Close the lunchbox and refrigerate or pack it into a lunch bag with an icepack.",5 minutes,https://www.momables.com/chicken-salad-quesadilla/
Turkey Pinwheel Sandwiches with Hummus,2 tablespoons red pepper hummus | 1  large flour tortilla | 2- ounces deli turkey or ham | Handful baby spinach (chopped) | Yogurt + 1 teaspoon jam (optional) | 1/4 cup almonds (optional) | 1 cup fruit of choice (optional),"Spread the hummus over the tortilla. Top with turkey and spinach. Starting at one end, tightly roll the tortilla into a roll. Wrap the entire roll with plastic wrap and refrigerate overnight. If making this the morning of, skip this step and proceed with the recipe. When you’re ready to pack, remove the plastic wrap and cut the roll into 1-inch pinwheels. Add the pinwheels to a compartmentalized lunch container, keeping them separate from the fruit and almonds.  Place the yogurt in a mini sauce container and top with the jam, close and pack into a lunch bag with the lunch box and an ice pack. Close the container and pack it into a lunch bag with an ice pack.",8 minutes,https://www.momables.com/turkey-pinwheel-sandwiches/
Bacon &amp; Chicken Ranch Wrap,"2 cups shredded chicken | 1/2 cup shredded mozzarella or cheddar | 2-3 slices of cooked bacon (chopped) | 1  small green onion (diced, optional) | 1/2 cup ranch dressing | 4  wraps or burrito-size tortillas | 2 cups shredded lettuce | Snacks: fruit (veggies, yogurt, etc.)","To a large bowl add the chicken, cheese, bacon, green onion, and ranch dressing. Stir to combine. Place the flour tortillas onto a large cutting board and top each with a portion of the chicken mixture and lettuce. Fold and tuck the sides in before rolling tightly. Wrap with a paper towel or plastic wrap to keep them intact.   Cut each wrap in half and pack it into the largest compartment of the lunch container. Add your choice of fruit and veggies into the empty compartments. Close the lunch container and place it into a lunch bag with an ice pack and yogurt if packing. ",10 minutes,https://www.momables.com/chicken-ranch-wrap/
Ham Roll-Ups Lunchbox,2 ounces sliced deli ham | 1  8-inch flour tortilla | 5-6  fresh strawberries (quartered) | 1  small apple (sliced) | 1/2 cup carrot chips,Wash and slice the fruit. Place the ham onto the tortilla and roll it up before slicing it into 1-inch rounds. Pack the roll-ups into a lunch container. Fill the remaining compartments with the fruit and veggies. Close the lid and place the lunchbox in a lunch bag with an ice pack.,5 minutes,https://www.momables.com/ham-roll-ups/
Cheesy Cauliflower Bites,"1 cup water | 1 head cauliflower (cleaned and diced into small pieces) | 1/4 teaspoon salt | 1/2 teaspoon favorite all-purpose seasoning (divided) | 1/4 cup shredded cheese (either Cheddar or mozzarella will work) | 1 tablespoon + 1 teaspoon Parmesan cheese | 1/4 cup gluten-free panko bread crumbs (plain will work, but panko is recommended) | 2 tablespoons ground flax meal (optional)","Preheat the oven to 400F. Line a large baking sheet with parchment paper. In a medium saucepot over medium high-heat, steam the cauliflower in the water until it&#39;s tender, about 15 minutes. Drain the water and allow the cauliflower cool down to room temperature. Drain any excess moisture from the saucepan. Add the salt and 1/4 teaspoon of the seasoning. Using a potato masher, begin mashing the florets until smooth. Add the Cheddar cheese and 1 tablespoon of the Parmesan cheese to the cauliflower and stir to combine. In a separate, medium bowl, combine the bread crumbs, flax meal (if using), remaining 1/4 teaspoon of seasoning, and Parmesan cheese. Using your hands, begin forming balls with the cauliflower mixture, approximately 1 to 1 1/2 inches in diameter. Roll each ball in the bread crumb mixture, then place it on the baking sheet. Repeat with remaining cauliflower mixture and breadcrumb coating. Bake for 25 to 28 minutes, until the bread crumbs are golden brown. Remove from oven and allow to cool before serving.",60 minutes,https://www.momables.com/baked-cauliflower-bites-recipe/
Lunchbox Snack Mix,2 cups Corn Chex | 1 cup Rice Chex | 1 cup Whole Wheat Chex | 1 1/2 cups bite-size pretzels | 1 cup mixed nuts | 1 cup creamy peanut butter | 3/4 cup maple syrup | 1/4 cup salted butter (melted) | 1 teaspoon cinnamon | 1 teaspoon vanilla extract | 5 cups popcorn,"In a very large bowl combine cereals, pretzels and nuts. In a medium saucepan over low heat, combine peanut butter, maple syrup and butter, stirring until all ingredients are thoroughly combine and have a liquid consistency. Add cinnamon and vanilla, whisking to combine. Pour the wet ingredients over the dry mix in the bowl. Using a spatula combine all ingredients. Spread the sticky mixture on a baking tray to cool down, taking care not to burn your hands. When the mix has cold, add popcorn and serve.",5 minutes,https://www.momables.com/maple-glazed-raisin-snack-mix/
Dairy-Free Yogurt Recipe,2 tablespoons warm water | 1 ½ teaspoons powdered gelatin | 1 cup canned coconut milk | 1 cup unsweetened almond milk | 2 tablespoons maple syrup or honey (optional),"Place warm water and gelatin in a small bowl. Stir to combine and let it sit for 10 minutes to form a jelly-like mixture. Meanwhile, in a medium saucepan, whisk coconut and almond milk with maple syrup over medium heat. Allow it to come to a simmer, stirring constantly. Remove the warm milk from heat and whisk gelatin mixture into the milk until it completely dissolves. If using active cultures, add it here and whisk to incorporate. Divide yogurt mixture between 4 6-ounce glass yogurt ramekins or mason jars. Allow the yogurts to cool down to room temperature, cover, and refrigerate overnight.",15 minutes,https://www.momables.com/dairy-free-yogurt-recipe/
Easy Blueberry Yogurt Parfait,3/4 cup vanilla Greek yogurt | 1/2 cup blueberries | 2 tablespoons granola,"Freeze the thermos container for 20 minutes or overnight. Add the blueberries to the container, top with the yogurt, and close the lid. Pack the granola in a mini sauce container and place it in an insulated lunch bag along with the thermos container, a spoon, and an ice pack.",5 minutes,https://www.momables.com/blueberry-yogurt-parfait/
Black Bean Lunchbox Taquitos,3/4 cup canned black beans (rinsed and drained) | 1/2 cup frozen corn kernels (thawed) | 1/4 cup salsa or pico de gallo | 1 cup shredded Monterrey Jack cheese | 1/2 teaspoon cumin | 1/4 teaspoon garlic powder | 12  8-inch corn tortillas,"Position the baking rack in the middle of the oven, and preheat to 400F. Line a baking sheet with parchment paper. In a large bowl, combine the beans, corn, salsa, cheese, cumin, and garlic powder, and stir to evenly distribute the ingredients. Soften 2-3 tortillas at a time by placing them in between 2 damp paper towels and microwaving for 20 seconds. Alternatively, you can warm them on a heated griddle. Place the warmed tortillas onto a flat surface and add 2 tablespoons of the filling mixture onto one edge of each tortilla. Roll the tortilla into itself and transfer it to the lined baking sheet. Use a toothpick to secure each taquito in place. Repeat the process with the remaining tortillas and filling. Brush or spray the taquitos with oil, and bake for 22-25 minutes until the tops are golden brown and the tortillas are crispy. Remove from heat and allow to cool slightly before packing into a lunch container. If packing with veggies or fruit, place them in a separate compartment, away from the taquitos. Add dips like sour cream and guacamole to mini sauce containers and pack them into a lunch bag along with the taquitos and an ice pack.",35 minutes,https://www.momables.com/lunchbox-taquitos/
Peanut Butter Apple Wraps,2 tablespoons creamy or crunchy peanut butter | 1  large tortilla (whole wheat or spinach) | 1/4 cup apple (finely chopped) | 2 tablespoons carrot (shredded) | 1 teaspoon ground flax,"Spread the peanut butter onto the tortilla and top the center with shredded carrot, chopped apple, and ground flax.  Roll up the tortilla tightly and cut it in half. Pack the wrap in a compartmentalized lunch container. Slice the remaining apple and place it in a separate compartment.  Close the lunch box and pack it in a lunch bag with an ice pack. ",5 minutes,https://www.momables.com/peanut-butter-apple-wraps/
Zucchini Fritters for the Lunchbox,1 1/2 pounds zucchini (grated (about 3 medium)) | 1 teaspoon salt | 1  large egg | 2 teaspoons Italian seasoning (or favorite all-purpose seasoning) | 1/4 cup all-purpose flour | 1/4 cup Parmesan cheese | Oil (for frying) | 1- pint of cherry tomatoes | 2 tablespoons olive oil | Salt &amp; pepper  (to taste),"Place the shredded zucchini in a colander, sprinkle with 1/4 teaspoon salt, and let it sit for about 10 minutes. Transfer the zucchini to a clean kitchen towel and ring out the excess moisture. In a large bowl, whisk the eggs and Italian seasoning until combined. Add the grated zucchini, flour, and Parmesan cheese, and stir to form a cohesive batter. In a large, non-stick skillet, heat the oil over medium-high heat. Add tablespoon-sized mounds of the zucchini mixture, flatten the mound with a spatula, and cook for 2-3 minutes until the bottoms are golden brown. Flip over each zucchini fritter and cook an additional 2 minutes until golden brown. Transfer the cooked fritters to a paper towel-lined plate and repeat with the remaining fritter mixture. Place the cherry tomatoes in a small bowl, and toss with a drizzle of olive oil, salt, and black pepper. To pack for lunch, place 3-4 zucchini fritters in a compartmentalized lunch container, and fill the empty compartments with a portion of the tomato salad and your choice of snack. Close the lunch container and pack it into a lunch bag with an ice pack.",30 minutes,https://www.momables.com/zucchini-fritters/
Easy Chicken Apple Grilled Sandwich,2 slices bread | 1/2  apple (thinly sliced) | 3- ounces cooked chicken | 1 slice of cheese (any kind) | Butter (for grilling) | 1 cup grapes | 1/4 cup almonds | Sliced banana (optional),"Top one slice of bread with the apple, chicken, and cheese. Assemble the sandwich and butter both sides. In a medium non-stick pan over medium-high heat, grill the sandwich for 2 to 3 minutes, until the bottom is golden brown. Flip and continue to grill until the cheese is melted. Remove from heat and allow the sandwich to cool down to room temperature before slicing it in half and packing it inside a lunch container. To prevent the bread from getting soggy, add the grapes, almonds, and banana into separate compartments. Seal the container and pack it into a lunch bag with an ice pack.",10 minutes,https://www.momables.com/chicken-apple-grilled-sandwich/
Easy Egg Salad Stuffed Tomato,1-2  medium tomatoes (tops and green stems removed) | 3/4 cup egg salad | 1 cup mixed berries | 1/2  cucumber (sliced) | 1/2 cup carrot chips,"Use a knife to cut off the tops of the tomato and carve out the seeds and pulp. *A spoon may be necessary to help scoop out the center.  Fill the tomato with the egg salad, top with black olives, and place it into a lunch container.  Add the berries and veggies to the empty compartments and close the container.   Pack the lunch box into a lunch bag with an ice pack, or refrigerate it until lunchtime. ",10 minutes,https://www.momables.com/egg-salad-stuffed-tomato/
Easy Tomato &amp; Cheese Sandwich,3 slices of whole-wheat sandwich bread | 2 tablespoons hummus | 1/2  medium tomato (sliced) | 2 slices provolone cheese | 1 tablespoon basil pesto | 1 cup baby carrots,"Lay all three bread slices on a cutting board. Spread half the hummus onto one slice and top with half the tomato slices and one slice of cheese.  On the second piece of bread, spread half the pesto and flip the pesto side down to close the sandwich.  Spread the remaining pesto on top of the assembled sandwich and top with the remaining tomato slices and cheese.  Spread the remaining hummus over the third bread slice and flip it over to assemble the sandwich.  Cut the sandwich into 4 triangles and pack them into a small lunch container to help the sandwiches stay intact. Alternatively, you can slice the sandwich in half to make it easier to pack.  Add the baby carrots to the lunch container, keeping them in a separate compartment to keep the bread dry. Close the lunch box and pack it into a lunch bag with an ice pack.",5 minutes,https://www.momables.com/tomato-cheese-sandwich/
Fresh Mediterranean Bento Box,1/2  cucumber (sliced) | 1/4 cup pitta Kalamata or black olives | 2 tablespoons feta cheese crumbles | 1  pita round (cut into wedges) | 1/4 cup hummus,"Add the sliced cucumber and olives to the lunch container. Place the feta cheese into a separate compartment or silicone baking cup to keep it from spilling out.  Add the hummus to an empty compartment or a mini sauce container.  Pack the pita wedges separately to keep them dry. Alternatively, you can store them in a plastic zip bag.  Close the container and add it to a lunch bag with an ice pack. ",5 minutes,https://www.momables.com/mediterranean-bento-box/
Hawaiian Grilled Cheese Sandwich,2 teaspoons mayonnaise | 2 thick slices bread | 2- ounces deli ham | 1-2  pineapple rings | 1 slice of cheese (any kind) | Butter (for grilling) | Fresh veggies,"Spread the mayo onto both slices of bread. Layer one slice with the ham, pineapple ring(s), and cheese. Close the sandwich and butter both sides.  In a medium non-stick pan over medium-high heat, grill the sandwich for 2 to 3 minutes until the bottom is golden brown. Flip and continue to grill until the cheese is melted.  Remove from heat and allow the sandwich to cool to room temperature before slicing in half and packing it inside the lunch container.  Add the veggies and additional snacks to the container, but place them in separate compartments to keep the sandwich bread dry. ",10 minutes,https://www.momables.com/hawaiian-grilled-cheese/
Banana Sushi Rolls,1  8-inch flour tortilla | 2 tablespoons peanut butter or nut-free alternative | 1  banana (peeled) | 1 cup grapes | 1  kiwi fruit (peeled and sliced),Spread the peanut butter over the tortilla and place the peeled banana on one end. Roll the tortilla over the banana and cut it into 1-inch rounds. Pack the sushi rolls into a lunch container and add the fruit to the empty compartments. Close the lid and add the lunch box to a lunch bag with an ice pack.,8 minutes,https://www.momables.com/banana-sushi/
Strawberry Cheesecake Lunchbox Parfait,6- ounce cup vanilla Greek yogurt | 1 tablespoon almond or peanut butter | 1 tablespoon maple syrup or honey (optional) | 2  –3 strawberries (sliced) | 1  graham cracker sheet (crumbled),"Place your thermos container in the freezer 20 to 30 minutes before assembling.  In a medium bowl, mix the yogurt with the almond or peanut butter and maple syrup.  Add the strawberries to the yogurt mixture and transfer it to the chilled thermos. Close the lid and seal.  Place the graham cracker crumbles into a mini sauce container and pack it into the lunch bag with the parfait and an ice pack.",20 minutes,https://www.momables.com/healthy-strawberry-cheesecake-parfait-recipe/
Kid-Friendly Mashed Chickpea Salad Sandwich,15- ounce can chickpeas (rinsed and drained) | 2 tablespoons fresh lemon juice | 1 1/2 tablespoons olive oil | 2 tablespoons roasted red bell pepper (chopped) | 1 tablespoon red onion (finely chopped) | 2 tablespoons fresh parsley | Salt &amp; black pepper | 4 slices of whole grain bread | Handful fresh spinach or chopped lettuce,"In a medium bowl, thoroughly mash half the chickpeas with a fork until smooth. Add the remaining chickpeas, lemon juice, olive oil, bell pepper, onion, parsley, salt, and black pepper, and stir to combine. Toast the bread in a toaster or toaster oven and spread the mixture onto 2 slices, top with fresh spinach or lettuce, and assemble the sandwiches with the remaining 2 slices of bread. Cut each sandwich in half, if desired, and pack them into lunch containers. Keep the sandwich fresh by adding your choice of vegetables and fruit into separate compartments. Close the lid and pack the lunch container into a lunch bag with an ice pack.",10 minutes,https://www.momables.com/mashed-chickpea-salad-sandwich/
Turkey Pepperoni Sandwich Lunchbox,1 tablespoon mayo and hummus | 2 slices bread | 2  large lettuce leaves | 2 ounces sliced deli turkey | 2 large slices pepperoni (or 4 medium) | 1/2  tomato (sliced) | 1 cup mixed berries or sliced fruit | 1/2 cup carrot chips | Snack of choice | 2 tablespoons ranch dressing | Drink pack,"Spread the mayonnaise over each slice of bread. Place a piece of lettuce onto one slice and top it with the turkey, pepperoni, tomato, and the remaining lettuce and bread. Cut the sandwich in half and pack it into a compartmentalized lunch container. Fill the rest of the compartments with the veggies, fruit, and your choice of treat. Close the lunchbox and fill a mini sauce container with the ranch dressing. Pack both containers and the drink pack in a lunch bag with an ice pack.",5 minutes,https://www.momables.com/turkey-pepperoni-sandwich/
Mini Waffle Sandwiches with Strawberries for the Lunchbox,8  mini waffles | 2 tablespoons whipped cream cheese | 2  strawberries  (sliced) | 1/4 cup almonds | 1 cup mixed berries or sliced fruit,"Toast the waffles in a toaster or toaster oven. Spread the whipped cream cheese over each waffle, and top 4 with the strawberry slices and remaining waffles. Place the sandwiches into a lunch container. Add the fruit and nuts to the empty containers and top with a lid. Pack the container in a lunch bag with an ice pack.",10 minutes,https://www.momables.com/mini-waffle-sandwiches/
Easy Peanut Butter Apple Sandwich,1 1/2 teaspoon honey | 2 slices of whole-grain bread | 1 tablespoon peanut butter | 1/4  Honey-Crisp or Granny Smith apple (thinly sliced) | Remaining apple (sliced) | Fresh mixed berries | Sugar snap peas,"Wash the berries and slice the apple into thin slices. Spread the peanut butter onto both slices of bread. Top one half with the apple, drizzle with honey and assemble the sandwich. Pack the sandwich into a lunch container, keeping it separate from the berries and sugar snap peas.",5 minutes,https://www.momables.com/peanut-butter-apple-sandwich/
Creamy Chicken Salad with Greens,1  whole roasted chicken (meat off) | 1/2 cup finely chopped celery | 1  lemon (juiced) | 1/3 cup mayonnaise | 1/4 teaspooon salt | 1/2 teaspoon pepper | 1 teaspoon Creole Seasoning (optional) | 2 cups mixed greens or chopped lettuce | 1 scoop of Southern Chicken Salad | 1/2 cup grape tomatoes (halved) | 1 serving banana chips or crackers | 1/2 cup carrot chips,"Put chicken meat in a food processor and pulse a few times to roughly chop. Continue pulsing for about 30 seconds until the chicken is finely chopped. If you turn &quot;on&quot; the food processor, your chicken will become a &quot;paste&quot;. Instead, use the pulse method until it&#39;s very finely chopped. In a bowl, whisk the lemon juice, mayonnaise, salt, pepper, and Creole seasoning. Add the chopped celery and the chicken to the bowl, and mix to combine all the ingredients. Transfer the chicken salad inside a large container and refrigerate for up to 4 days. Wash and chop the lettuce if using. Place the salad greens or lettuce into a lunch container and top with 1 scoop of chicken salad and grape tomatoes. Add the banana chips and carrots to the empty compartments and close the container. Pack the lunch box into a lunch bag with an ice pack.",5 minutes,https://www.momables.com/chicken-salad-with-greens/
Preschool Pasta Lunch,1/2 cup dry macaroni or shell pasta | 1/4 cup frozen peas (thawed) | 1/2 tablespoon olive oil | Salt &amp; black pepper | Strawberries (washed and halved) | Sliced cucumber | Carrot chips,"Prepare the pasta according to the package directions. Drain and transfer to a large bowl. To the pasta, add the frozen green peas, olive oil, salt, and black pepper. Toss the ingredients together and transfer the pasta salad into a compartmentalized lunch container. Pack the veggies and fruit into a separate compartment and top with the lid.  Refrigerate or pack the container into a lunch bag with an ice pack.",15 minutes,https://www.momables.com/preschool-pasta-lunch/
Baked Cheese Twists,"1  sheet frozen puff pastry (thawed) | 1  large egg | ½ cup shredded Italian cheese blend (such as Parmesan, Romano, and Asiago) | ½ cup shredded mozzarella cheese | All-purpose flour (for dusting)","Let the frozen puff pastry thaw at room temperature until softened, about 30 minutes. Meanwhile, preheat the oven to 400ºF (200ºC). Line a baking sheet with parchment paper. Crack the egg into a small bowl or cup. Add 1 tablespoon (15 mL) water, and whisk until blended. In another small bowl, mix together the cheeses. Unfold the thawed puff pastry sheet and place it on a lightly floured work surface. Using a pastry brush, brush some of the egg mixtures evenly over the dough. Sprinkle half of the cheese mixture evenly over half of the egg-brushed dough. Fold the uncovered dough over the cheese and press gently to seal. Brush the top with the egg mixture, sprinkle with half of the remaining cheese mixture, and press gently to help stick. Turn the dough over, brush the other side with the egg mixture, sprinkle with the remaining cheese, and press gently. Discard any remaining egg mixture. Cut the pastry vertically into 6 strips or horizontally into 12 smaller strips. Holding each strip by the ends, turn the ends a few times in the opposite direction to make a twist. Place the twists, evenly spaced, on the baking sheet. Bake until browned, about 10 minutes. Let cool briefly. Serve warm or at room temperature.",24 minutes,https://www.momables.com/easy-baked-cheese-twists-recipe/
Chicken Salad Croissant,"2 tablespoons plain Greek yogurt or mayo | ½ teaspoon mustard (optional) | ½  celery rib (finely chopped) | Pinch of salt and pepper | 4 oz ½ cup cooked chicken, finely chopped or shredded | 1  croissant (sliced horizontally in half) | ½ cup chicken salad | Lettuce leaves","In a medium bowl, combine the plain Greek yogurt with the mustard, salt and pepper. Then, add the finely chopped chicken and celery. Mix to combine. Slice the croissant in half horizontally and open both sides. Place lettuce on top of the bottom half. Spoon the chicken salad on top of the lettuce and place the top of the croissant in half, closing the sandwich. Slice in half and enjoy. Place the croissant sandwich in a lunch container where it fits snugly. Pack any sides, like fruits and veggies, in a separate compartment or container. Refrigerate until ready to pack inside a lunch bag, with or without an ice pack.",5 minutes,https://www.momables.com/chicken-salad-croissant/
DIY Lunchbox Yogurt Parfait,"½ cup blueberries, raspberries, diced strawberries | 1 cup yogurt | 2 tablespoons granola","Place fruit and granola toppings and a spoon into a lunchbox container with compartments and close the lid tightly. If using individual yogurt cups, wrap a flexible ice pack around the cup and secure it with a rubber band before placing it in a lunch bag. If using bulk yogurt, spoon the amount of yogurt you want into a pre-chilled lunch thermos or parfait cup. Keep everything refrigerated until time for school and then pack the yogurt, toppings, and a spoon into an insulated lunch bag with an ice pack.",5 minutes,https://www.momables.com/diy-lunchbox-parfait/
Ham and Cheese Wrap with Veggies,"1  large flour tortilla | 2 ounces Deli ham | 2  Slices cheese (American, cheddar or similar) | 1/2 cup Fresh spinach or lettuce | 1/2  dup Diced tomato | 1/4 cup Corn kernels | 2 tablespoons mayo (or other favorite sauce like ranch, bbq, or honey mustard)","Place the tortilla on a flat surface and spread on a thin layer of mayo or other favorite sauce. Put lettuce leaves in the center of the tortilla and layer on the diced tomato, corn kernels, ham and cheese. If using additional dressing, drizzle a small amount over the ingredients and fold the sides in rolling the wrap burrito style. Slice it in half and serve or pack it inside a lunch container keeping any sides like fruit and veggies separate. Refrigerate the lunch until you’re ready to pack it inside an insulated bag for school with an ice pack, if necessary.",5 minutes,https://www.momables.com/ham-and-veggie-wrap/
Caprese Bagel Sandwich,1  bagel (plain or whole wheat) | ½ tbsp pesto (optional) | 4-5  grape tomatoes (halved (or substitute 2 slices of a ripe tomato)) | 2 leaves of fresh lettuce | 2 slices fresh mozzarella cheese | 4  fresh basil leaves,"Spread pesto on one half of the bagel. Layer lettuce on one bagel half.  Top with grape tomatoes, fresh mozzarella, and basil leaves and close with the second bagel half. Slice the Caprese bagel sandwich in half and pack it in a hard lunch container. Keep healthy sides, like fresh fruit and veggies, separate. Refrigerate until ready to pack in a lunch bag with an ice pack to keep it cool.",5 minutes,https://www.momables.com/caprese-bagel-sandwich/
Grilled Turkey Mozzarella Sandwich,2 slices sandwich bread | 2 slices mozzerella cheese | 1 ounces deli turkey | handful spinach leaves | 2 slices of tomato | butter (for grilling) | Mashed avocado or guacamole,"Spread a thin layer of avocado on one slice of bread and place a slice of cheese on each bread piece. Then layer the turkey, tomato and finally the spinach. Close sandwich and butter the outside. Grill sandwich for about 2 to 3 minutes on medium-high heat until it’s golden and the cheese has begun to melt on that side. Flip the sandwich and grill on the other side for another minute or 2 until it’s golden and crispy and the cheese is melted. Wait for the sandwich to cool to room temperature before packing it inside a hard lunch container. Keep fruit and veggies separate and refrigerate everything until ready for school. Then pack it in a lunch bag with an ice pack, if necessary.",5 minutes,https://www.momables.com/grilled-turkey-mozzarella-sandwich/
Falafel Wrap,2-3  small falafel patties | 1  large flour tortilla | Hummus or tzatziki (optional) | 2  large green lettuce leaves | 2 slices tomato,"Place the tortilla on a flat surface and spread a little hummus on the tortilla. Layer the lettuce leaves in the center of the tortilla and place the tomato slices on top. Place 2-3 small falafel patties over the tomatoes. Fold the sides of the tortilla in and roll the wrap burrito style. Slice it in half and serve immediately or place it inside a lunch container. Keep sides like fruit and veggies in separate lunch containers or compartments of the lunch box. Refrigerate the lunch until you’re ready to pack it inside an insulated bag for school, with an ice pack if necessary.",5 minutes,https://www.momables.com/falafel-wrap/
Bologna Swiss Sandwich,2 slices sandwich bread (any) | 2 teaspoons mayonnaise | 2 oz bologna | 1 slice Swiss cheese,"Lightly spread mayonnaise, if using, on both slices of bread. Layer on the bologna and Swiss cheese to create a simple and tasty sandwich. Cut the sandwich in half, and place it in a hard, sandwich-sized container, keeping any lunch sides separate. Refrigerate until ready for school and then pack inside a lunch bag, with an ice pack.",5 minutes,https://www.momables.com/bologna-swiss-sandwich/
Ham and Cheese Panini,2 slices of thick bread | 3  ham slices | 2 slices Swiss cheese | 2  Tomato slices | 1 tbsp mayo or dijon mustard,"Spread butter on the outside of assembled sandwich. grill for about 2 to 3 minutes until it’s golden and the cheese has begun to melt. If not using a press, flip the sandwich and grill on the other side for another minute or 2 until it’s golden and crispy. Serve immediately or let sandwich cool completely before cutting it in half and packing it into a hard lunch container. Place lunch container in an insulated lunch bag and keep any sides that need to be chilled separate with an ice pack, until ready for school.",5 minutes,https://www.momables.com/ham-and-cheese-panini/
Salami Sandwich Roll,1  sandwich roll | 1 tbsp Mayonnaise | 2 ounces salami (sliced thin) | 1 ounce cheese (sliced) | Lettuce leaves (optional),"Spread the mayonnaise over each slice of bread. Place a piece of lettuce onto one slice and top it with the Salami, cheese and remaining slice of bread.  Cut the sandwich in half and pack it into a hard lunch container. Keep any lunch sides separate. Refrigerate everything until ready to use. Pack container in a lunch bag with an ice pack.",5 minutes,https://www.momables.com/salami-sandwich-roll/
Turkey Veggies Snack Pack for Teens,1 cup carrots sticks | 1 cup cucumber sticks | 1/2 cup cherry tomatoes | 3 ounces deli turkey | Puffed cheese crisps or snack,"Wash and dry veggies and cut them into sticks. On a flat surface, roll up the turkey slices. Place veggies and protein in a lunchbox with compartments. Add dry, crunchy ingredients like cheese snacks and crackers at the last minute and keep separate. Refrigerate until ready to use and then pack in a lunch bag with an ice pack",5 minutes,https://www.momables.com/turkey-veggie-snack-pack-for-teens/
Lunchbox Quiche,"Leftover quiche (a lunchbox-friendly slice or mini quiches) | Preferred sides (such as fruit, veggie sticks or side salad)","Place a lunchbox-sized slice of quiche or mini quiches snugly into a hard, sandwich-sized lunch container. If it’s warm, ensure it has cooled completely beforehand to avoid condensation. Pack fresh sides like fruit and veggies in a separate compartment or container. Keep quiche and healthy sides refrigerated until ready to leave, then pack in a lunch bag with an ice pack.",5 minutes,https://www.momables.com/how-to-pack-quiche-for-lunch/
Sourdough Grilled Cheese,2 slices sourdough bread | 2 slices cheddar cheese (sharp or mild) | 1 tablespoon butter (for grilling),"Place a slice of cheddar cheese on each piece of sourdough bread, close and generously butter the outside of the sandwich. Heat a skillet over medium-low heat. Grill the sandwich slowly until the bread is golden brown, flip and continue grilling until the cheese is melty. Remove from heat and let it cool. Slice the cooled sandwich in half and pack it in a lunch container. Pack any sides like fruit or veggies in separate compartments to keep them fresh. Use an ice pack if needed.",5 minutes,https://www.momables.com/sourdough-grilled-cheese/
Apple Grilled Cheese Sandwich,"2 slices thick sandwich bread | 1/2 tablespoon butter (for grilling) | 2 slices Cheddar cheese | 1/2  small Granny Smith apple (cored, halved and thinly sliced)","Place the sliced bread on a flat surface. Butter one side of each slice, flip over. Place a slice of cheese on each unbuttered side. Layer the apple slices onto one slice. Assemble the sandwich, making sure the buttered sides are facing out. Grease a medium non-stick skillet and heat over medium-high heat. Grill the sandwich for about 2 to 3 minutes until it’s golden and the cheese has begun to melt on that side. Flip sandwich and grill on the other side for an additional minute or 2 until it’s golden, crispy, and cheese is melted. Serve immediately. Wait for the sandwich to cool to room temperature before packing inside a lunch container. If adding fruit and veggies, place them in a separate compartment.",15 minutes,https://www.momables.com/apple-and-cheddar-grilled-cheese-sandwich-recipe/
Caprese Grilled Cheese,2 slices sandwich bread | 1 ounce mozzerella cheese (or enough to cover bread) | handful fresh basil leaves | 2 slices tomato | salt and pepper (for seasoning) | butter (for grilling),"Spread butter on one side of each slice of bread. On the unbuttered side of one slice, layer mozzarella, followed by tomato slices and a sprinkle of salt and pepper. Add the basil and top with another layer of mozzarella before closing. Grill sandwich for about 2 to 3 minutes on medium-high heat until it’s golden and the cheese has begun to melt on that side. Flip the sandwich and grill on the other side for another minute or 2 until it’s golden and crispy and the cheese is melted. Wait for the sandwich to cool to room temperature before packing it inside a hard lunch container. Keep fruit and veggies separate and refrigerate everything until ready for school. Then pack it in a lunch bag with an ice pack, if necessary.",5 minutes,https://www.momables.com/caprese-grilled-cheese/
Caprese Bento Lunchbox,"2 ounces mozzarella cheese cubes | 1/2 cup cherry tomatoes | 3  bento or appetizer picks | 1/4 cup pitted olives | 1 tablespoon basil pesto | Cheese Crostinis (recipe below, or 1 serving of pita chips) | 3 slices French baguette (thin diagonal slices) | 1 tablespoon grated Parmesan cheese | 1/4  teaspoon garlic powder","Alternate threading the cheese cubes and tomato onto the bento or appetizer picks. About 2 cubes of cheese and 1 tomato per skewer.  Pack the skewers, olives, and remaining tomatoes in a lunch container. Store the basil pesto in a mini sauce container. Place the crostini or pita chips in their own compartment to keep the bread (or chips) fresh and crisp. Close the lunch container and place it in a lunch bag with an ice pack. Oven: preheat the oven to 350F. Line a large baking sheet with parchment paper.Toaster oven: line the toaster oven&#39;s baking sheet with parchment paper. Place the bread slices onto the baking sheet and top each with cheese and sprinkle garlic powd on top. Oven: bake for 15 to 20 minutes, until the bread, is crispy and the cheese is golden brown. Toaster oven: toast for 1-2 cycles, depending on the length of your toaster oven cycles, until the cheese has melted and is golden brown. Remove from heat and let cool for 5 minutes. Store extras in an airtight container at room temperature for up to 3 days.",10 minutes,https://www.momables.com/caprese-bento-box/
Coconut Pie Lunchbox Smoothie,3  bananas | 1/4 cup almond butter | 14 ounce can coconut milk | 1/2 cup coconut flakes | 1 teaspoon vanilla extract | 1/2 cup ice,"In a blender, combine bananas, almond butter, coconut milk, coconut flakes, and vanilla. Blend well. Add ice and blend. If it's too thick, add more coconut milk or water. Pour into tall glasses and enjoy. If packing for lunch, divide the smoothie between chilled thermos containers and pack into lunch bags.",5 minutes,https://www.momables.com/how-to-pack-a-smoothie-for-lunch/
Caprese Salad with Canned Chicken,2 cups chopped lettuce | 3-4 ounces canned chicken (liquid drained) | ½ cup grape tomatoes (halved) | 1/4  avocado (diced) | 1 ounce mini mozzarella balls | 1 tablespoon black olives (sliced) | 2 tablespoons salad dressing (such as a white wine vinaigrette),"Make a bed of lettuce in the bottom of a lunch container. Top it with the canned chicken, tomatoes, diced avocado, mozzarella, and black olives. Drizzle with dressing if eating the salad immediately. If not, hold off on adding the dressing. Fill a small lidded container with the salad dressing. Refrigerate the dressing and the salad until it’s time to leave and pack it inside a lunch bag with an ice pack. Drizzle the dressing right before lunch.",5 minutes,https://www.momables.com/caprese-salad-with-canned-chicken/
Cobb Pasta Salad School Lunch,2 oz cooked macaroni pasta (or shells) | 1/8 cup grape tomatoes (halved) | 1/2 slice bacon (cooked &amp; chopped) | 1 slice ham (chopped) | 1 slice turkey (chopped) | 1/2  hard-boiled egg (sliced) | 1 tablespoon shredded cheddar cheese | 1/4  avocado (diced (optional)) | 1 tablespoon Ranch dressing,"In a large bowl, place the cooked macaroni, grape tomatoes, chopped bacon, ham, turkey, egg, and cheese. Add the ranch dressing and toss to combine. Since the salad will be coated with Ranch, the diced avocado won&#39;t be as noticeable once it browns. Otherwise, omit it from the recipe. Cover and refrigerate the pasta salad for two hours or up to 3 days. Fill a lunch box with some of the Cobb pasta salad, along with an ice pack if needed.",5 minutes,https://www.momables.com/cobb-pasta-salad-lunchbox/
"Peanut Butter, Banana, Bacon Sandwich | The Elvis",2 slices sandwich bread (your favorite) | 2 tablespoons peanut butter (your favorite) | 1  small banana (sliced) | 2 slices of bacon,"Cook the bacon with your preferred method*, until crispy. Pat them dry with a paper towel to absorb any excess grease. Spread a thin layer of peanut butter on both slices of bread. Place the banana slices on one of the bread slices, and top with bacon pieces or crumbled, close the sandwich. Note, use toasted bread for the classic Elvis sandwich, or enjoy it on soft sandwich bread. If making this sandwich for later, pack it inside a compartment of a lunchbox. In another compartment or container, store fruit, veggies, and your favorite sides. Add an ice pack in the lunch bag if necessary.",5 minutes,https://www.momables.com/peanut-butter-banana-bacon-sandwich/
"DIY ""Lunchables"" Nachos",1/2  red bell pepper (sliced into 1/4-inch thick strips) | 1  small apple (sliced) | 1/4 cup pitted black olives | 3- ounces grilled chicken (sliced) | 1 serving blue corn tortilla chips | 1/4 cup or 2 ounces nacho cheese dip,"Wash and slice the fruit and veggies as needed.  Pack the veggies, olives, and chicken into a compartmentalized lunch container. The fruit can be packed in the same or a separate compartment.  To keep the chips crunchy, pack them separate from the rest of the ingredients.  If making this with homemade nacho dip, pack it into a mini sauce container or add the dip cup to the lunch bag along with the assembled Lunchable and an ice pack. ",5 minutes,https://www.momables.com/lunchbox-wars-nachos/
Egg Salad Bento with Pita,1/2 cup Mayo-Free Egg Salad | 2 ounces turkey (rolled up) | 1  pita (sliced in wedges),"Place the egg salad in one compartment of the bento box. Roll up the turkey slices, and slice into bite-sized pieces. Place them in another compartment of the bento box. Place the pita wedges in a separate compartment. Refrigerate until ready to pack in the lunch bag, use with an ice pack if needed.",5 minutes,https://www.momables.com/egg-salad-bento/
Egg Salad Lunchbox with Turkey &amp; Cheese Skewers,½ cup egg salad | 2 ounces turkey (rolled up or cubed) | 2 ounces cheese (cubed),Place the egg salad in one compartment of the lunch container. Assemble skewers with the turkey and cheese. Place them in another compartment. Refrigerate until ready to pack in the lunch bag with a fork or spoon. Include an ice pack to keep it fresh.,5 minutes,https://www.momables.com/egg-salad-lunchbox-skewers/
Thai Pasta Salad Lunch,2 oz cooked penne pasta | 2 tablespoons shredded red cabbage | 2 tablespoons matchstick carrots | 1/4  bell pepper (thinly sliced) | 1/2  leftover cooked chicken breast (sliced) | 1 tablespoon chopped peanuts | 1 tablespoon chopped cilantro | Thai peanut dressing,"In a large bowl, combine the cooked penne pasta, shredded red cabbage, matchstick carrots, bell pepper, sliced chicken, chopped peanuts, and cilantro. Drizzle the Thai peanut dressing over the salad and toss everything together until it&#39;s well coated. Cover and refrigerate up to three days or until ready to use. Pack the salad into a lunch container, along with an ice pack.",5 minutes,https://www.momables.com/thai-pasta-salad-lunch/
Macaroni Grilled Cheese,4 slices of bread | 1/3 cup shredded Cheddar cheese | 1 cup macaroni and cheese (already cooked) | Butter (for grilling),"Butter all 4 slices of bread and flip them over. Warm the cooked macaroni and cheese in the microwave, stirring once or twice to heat it through. Once hot, add the shredded cheddar to the bowl and toss to combine. If all you have is sliced cheese, add 1/2 to 1 slice of cheese on top of the non-buttered side of the bread. Divide the warmed mac and cheese on top of two slices of bread. Close the sandwiches, buttered side out. Heat a large non-stick pan over medium heat. Once hot, place the two grilled cheese sandwiches on the pan for about 2 minutes until it's golden and crispy. Flip the sandwiches over and grill the second side. Remove the sandwiches from the pan onto a cutting board or plate, slice in half, and serve. If packing for school, wait for the sandwich to cool to room temperature and place it inside a hard lunch container. Keep lunch sides separate and pack everything in a lunch bag with an ice pack, if necessary.",5 minutes,https://www.momables.com/macaroni-grilled-cheese/
Toasted Ham &amp; Cheese Sandwich,2 slices sandwich bread (any) | 2 teaspoons mayonnaise | 2 oz black forest ham | 1 slice Colby Jack cheese | 2  green lettuce leaves,"Toast the bread to a golden color. Once toasted, spread the mayonnaise on the bread slices. Place the lettuce on one slice of bread, top it with ham and cheese. Close the sandwich with the other bread slice. Cut the sandwich in half and serve or pack it for a school lunch. Place the sandwich in one compartment, and sides, like fruit and veggies, on separate compartments, making sure to keep them away from the sandwich so it doesn&#39;t get soggy. Pace the packed lunch inside a lunch bag and add an ice pack if necessary.",5 minutes,https://www.momables.com/toasted-ham-sandwich-lunchbox/
Kid-Favorite Veggie Dip Snack Box,1/2  bell pepper (sliced) | 1/2  cucumber (sliced) | 1/3 cup carrot chips | 1/4 cup hummus | Oatmeal snack bites or sliced fruit,Wash and slice the veggies. Pack the veggies into a compartmentalized lunch container. Add the snack bites to a separate compartment to prevent them from soaking up excess moisture. Close the container and pack it into a lunch bag. Place the hummus in a mini sauce container and add it to the lunch bag with an ice pack.,5 minutes,https://www.momables.com/veggie-dip-snack-box/
Chocolate muffin snack bento,1 ounce cheese | ¼ cup crackers | 2  regular sized muffins or 4 mini muffins | ½ cup almonds and raisins,Place muffins in one compartment. Put the rest of the items in different compartments to keep them from mixing. Keep dry ingredients like crackers separate so they don't get soggy. Refrigerate everything until ready to use and then pack in a lunch bag with an ice pack.,5 minutes,https://www.momables.com/chocolate-muffin-snack-bento/
Gouda Grilled Cheese,2 slices sourdough bread | 2 slices smoked gouda cheese | butter (for grilling),"Spread a thin, even layer of softened butter on the outside of both slices. Then layer the gouda between the bread pieces, buttered sides facing out. Heat a skillet over medium-low to medium heat. Grill the sandwich slowly until the bread is golden brown, flip and continue grilling until the cheese is melty. Remove from heat and enjoy. If you are packing this sandwich for later, let it cool before slicing it in half and packing it in a hard lunch container. Pack any sides like fruit or veggies in separate compartments. Use an ice pack if needed.",5 minutes,https://www.momables.com/gouda-grilled-cheese/
How to Pack Meatballs for School Lunch,"3-4  leftover meatballs | ½ cup cooked rice | veggie sides (like carrot sticks, snap peas)","Place the meatballs and rice together in one compartment and pack veggies in separate compartments or container so they stay crisp. Pour any extra sauce into a small, leak-proof container for dipping or mixing. Keep meatball lunch and any added healthy sides refrigerated until ready to leave, then pack in a lunch bag with an ice pack.",5 minutes,https://www.momables.com/how-to-pack-meatballs-for-school-lunch/
Meatball Skewers Lunch,4  meatballs (beef or turkey) | 1/4 cup tomato sauce | 4  thin baguette slices (toasted),"If sending this lunch warm to school in a thermos container, fill the thermos with hot water for 5 minutes. Empty the hot water out before adding the hot food. Warm the meatballs and sauce in a microwave-safe dish, covered, for 2 minutes until they’re piping hot. For a hot lunch: put the meatballs and sauce inside the thermos and close the lid. At room temperature: put the meatballs in one compartment of the lunch box, skewered or not, and the sauce in another. Pack the toasted baguette slices, or a bread roll, in a separate compartment or container. Add silverware inside the lunch bag. Add fruit and any other healthy sides to complete this lunch and put everything inside a lunch bag.",5 minutes,https://www.momables.com/meatball-skewers-lunch/
Salami Bagel Sandwich,1  Bagel | 2 ounces Salami (sliced thin) | 1 ounce Provolone cheese (sliced) | 3-4  Cherry tomatoes (halved) | handful Arugula (optional) | Mustard,"Spread mustard or other preferred condiment on one of the bagel halves. Top with Italian salami, cheese, arugula, tomatoes, and close the sandwich. Slice it in half and pack it inside a lunch container, keeping any sides like fruit and veggies separate. Refrigerate the sandwich until you’re ready to pack it inside an insulated bag for school with an ice pack, if necessary.",5 minutes,https://www.momables.com/salami-bagel-sandwich/
Spinach Wrap with Turkey &amp; Hummus,1  spinach tortilla wrap | 2 tablespoons hummus | 2 ounces sliced deli turkey | 1/4 cup shredded carrots | Fruit | Veggies,"Spread the hummus over the spinach wrap and top it with the sliced turkey. Place the shredded carrots on top of the turkey, in the middle of the wrap. If you want to add lettuce or spinach place it on top of the carrots. Fold the sides in and roll the tortilla tightly into a wrap before cutting it in half. Place the wrap in a lunch container and pack it with fruit and veggies or any other sides. Refrigerate until ready to place inside a lunch bag, along with an ice pack if necessary.",5 minutes,https://www.momables.com/spinach-wrap-with-turkey/
Mushroom Grilled Cheese,2 slices of sandwich bread | 1/2 cup sautéed mushrooms | 2 slices of cheese (or enough to cover bread) | Butter (for grilling),"Spread butter on the outside of each slice, then layer cheese, sautéed mushrooms, and another layer of cheese between the bread, buttered sides facing out. Heat a pan over medium heat and grill for 2-3 minutes, until golden brown. Flip and cook the other side until crispy and the cheese is melty. Remove from heat and let it cool. Slice the cooled sandwich in half and pack it in a hard lunch container. Keep any sides like fruit and veggies in a separate compartment or container. Use an ice pack, if necessary.",5 minutes,https://www.momables.com/mushroom-grilled-cheese/
Provolone Grilled Cheese,2 slices bread | 2 slices provolone cheese | butter (for grilling),"Spread softened butter on the outside of both bread slices. Place one slice of bread, buttered side down, into a pan over medium-low heat. Layer the provolone on top, then add the second slice of bread, buttered side up. Grill the sandwich slowly until the bread is golden brown, flip and continue grilling until the cheese is melty. Remove from heat and enjoy. If you are packing this sandwich for later, let it cool before slicing it in half and packing it in a hard lunch container. Pack any sides like fruit or veggies in separate compartments. Use an ice pack if needed.",5 minutes,https://www.momables.com/provolone-grilled-cheese/
How to pack chicken tenders for lunch,4-6  Homemade or frozen chicken tenders | 1 cup Strawberries | Celery sticks | Carrot Sticks | 2 tablespoons BBQ Sauce (or sauce of choice),"Wash and dry veggies and cut them into sticks. Warm up the frozen tenders following the instructions on the back of the bag. Divide tenders, veggies and fruit into a compartmentalized lunchbox. Pack sauce separately in a small container with lid. Refrigerate everything until ready for school and then pack in a lunch bag with an ice pack.",15 minutes,https://www.momables.com/how-to-make-chicken-tenders/
Hummus Lunchbox Pizza,1  regular-size naan flatbread | 2 tablespoons hummus | 1 tablespoon chopped Kalamata olives | 1 tablespoon roasted red pepper strips | 1 tablespoon shredded mozzarella | 1 tablespoon crumbled feta,"Preheat oven to 400°F. Spread hummus evenly over naan. Top with olives, red peppers, mozzarella, and feta. Bake for 7 minutes, until cheese is melty and bubbly. Let cool completely. Slice into quarters and pack in a lunchbox with healthy sides, like fruit and veggies. Include an ice pack, if necessary.",5 minutes,https://www.momables.com/hummus-lunchbox-pizza/
Deli Style Turkey Bacon Sandwich,2 slices sandwich bread | Mayonnaise (optional) | Mustard (optional) | 2 oz deli turkey | 2 slices bacon (cooked crispy) | 1 slice cheddar cheese | Shredded lettuce (optional) | 2 slices tomato (optional),"Spread mayonnaise, if using, on one slice of bread and mustard, if using, on the other. Top the mayonnaise side with lettuce, tomato, crispy bacon, turkey, cheese, and close the sandwich with the other slice. If packing the sandwich for lunch, pack fresh fruit and veggies inside a lunch box. Refrigerate until ready to pack inside a lunch bag, with or without an ice pack.",5 minutes,https://www.momables.com/turkey-sandwich-with-bacon/
Roast Beef Grilled Cheese,2 slices bread | 2 ounces cheese (or enough to cover the bread) | 3 ounces thick-sliced roast beef (leftovers or deli-style) | Butter,"Lay both slices of bread on a flat surface. Spread butter on one side of each slice. Place one slice, butter-side down, into a warm skillet. Layer the cheddar cheese on top of the bread, then add the roast beef. Add another layer of cheese and top with the second slice of bread, butter-side up. Cook over medium heat until the bottom is golden and crispy, then flip and toast the other side until the cheese is melty. Let the sandwich cool for a few minutes before slicing it on a plate or cutting board. Dig in!",5 minutes,https://www.momables.com/roast-beef-grilled-cheese/
Chicken Bacon Sandwich,2 slices Sourdough bread | 3 oz deli sliced chicken | 2 teaspoons Thousand Island  (or mayo) | 1-2 strips of bacon (cooked crispy) | 2  green lettuce leaves | tomato slices,"Lightly toast the bread to a golden color. Once toasted, spread the Thousand Island dressing, or mayonnaise, on each slice. Place the sliced chicken on one bread slice, top with crispy bacon, tomato slices, and lettuce leaves. Top with the other toasted bread slice and close the sandwich. Slice the sandwich in half or pack it for a school lunch. Place the sandwich in the main compartment of the lunch box. Pack any sides, like fruit and veggies, in separate compartments or containers to prevent the sandwich from getting soggy. Refrigerate or pack it inside the lunch bag with an icepack if necessary.",5 minutes,https://www.momables.com/chicken-bacon-sandwich/
Whole Wheat Grilled Cheese,2 slices bread (whole-wheat) | 2 slices cheese (your favorite) | 1 tablespoon butter (for grilling),"Spread butter on one side of each slice of whole wheat bread. Flip the bread, place cheese on the unbuttered sides, then close the sandwich with the buttered sides facing out. Heat a non-stick skillet and grill each side for 2-3 minutes until golden and crispy. If you're not serving this sandwich right away, let it cool completely before packing. Slice it in half and place it inside a hard lunch container. Pack fruit, veggies, or other healthy sides separately with an ice pack.",5 minutes,https://www.momables.com/whole-wheat-grilled-cheese/
Buffalo Chicken Wrap,1  large tortilla | 2  Lettuce leaves | 4 ounces ½ cup leftover buffalo chicken (or rotisserie chicken mixed with buffalo sauce.) | Ranch dressing (optional),"Place the tortilla on a flat surface and layer a couple of lettuce leaves on top. Scoop the buffalo chicken on top of the lettuce, placing it in the middle of the tortilla and drizzle with ranch dressing (if using). Roll the buffalo wrap up burrito style. Slice in half and enjoy! If you plan to send this chicken wrap for a school lunch, pack it inside the main compartment of a lunchbox along with some fruit and veggies in the remaining compartments. Include an ice pack in the lunch bag, if needed.",5 minutes,https://www.momables.com/buffalo-chicken-wrap/
Buffalo Chicken Salad Lunchbox,"1/4 head Iceberg lettuce (chopped) | 1/4  avocado (peeled, cored, and diced) | 1/8 cup Blue cheese crumbles | 1/2 cup cooked Buffalo Chicken | 1/4  hard-boiled egg (sliced) | Ranch dressing | Buffalo sauce (for drizzling)","Place the chopped lettuce into a large serving bowl. In one row, place the sliced avocado over the lettuce. Repeat with remaining ingredients, ending with the sliced egg. Drizzle with Ranch dressing and additional buffalo sauce. Toss to combine. Make a base of lettuce at the bottom of the lunch container. Top it with sliced avocado, Blue cheese crumbles, cooked Buffalo chicken, and sliced egg. If packing this lunch ahead, add the avocado the same morning you&#39;re going to eat it to keep it from browning. Pack the Ranch dressing and Buffalo sauce in small dressing containers. Refrigerate until ready to pack in the lunch bag with an ice pack if necessary.",10 minutes,https://www.momables.com/buffalo-chicken-salad-lunchbox/
Cheesy Buffalo Chicken Quesadilla Lunchbox,"1/2 cup shredded Buffalo Chicken | 2  8-inch flour tortillas | 1/4 cup shredded Cheddar cheese | 1 tablespoon blue cheese crumbles | Butter, oil, or spray (for grilling) | 1 tablespoon Ranch (for dipping) | Fruit | Veggies","Top 1 tortilla with buffalo chicken, shredded cheese, and blue cheese. Assemble the quesadilla. Heat a non-stick pan and once hot, spray or melt the butter over medium-high heat. Grill the quesadilla for 3 minutes or until the cheese begins to melt, flip and grill for another 3 minutes or until the cheese is completely melted. Remove the quesadilla from the heat. Allow it to cool down to room temperature before cutting into 3 triangles and packing it into a lunch container. Add the fruit and veggies into separate compartments to keep the tortilla from soaking up any moisture. Fill a mini sauce container with the Ranch dressing and pack everything into an insulated lunch bag with an ice pack.",9 minutes,https://www.momables.com/buffalo-chicken-quesadilla/
Grilled Club Sandwich,4 slices bread | 1 tablespoon mayonnaise | 2  large lettuce leaves | 2 slices cheese | 3-4 ounces deli ham | 4  thin slices tomato | Butter (for grilling),"Spread the mayonnaise over each slice of bread. Place a piece of lettuce onto one slice and top it with the meat, tomatoes, any additional fillings, cheese and bread. Butter both sides. In a medium non-stick pan, grill the sandwich for 2 minutes before flipping and grilling an additional 2-3 minutes, or until both sides are golden and crisp. Remove the sandwich from the pan, and allow it to cool down to room temperature before cutting it in half.",5 minutes,https://www.momables.com/grilled-club-sandwich/
Turkey Club Sandwich,2 slices bread | 1/2 tablespoon mayonnaise | 2  large lettuce leaves | 2-4 ounces deli turkey | 2 thin slices tomato | Butter (for grilling) | 1/2 cup carrot chips | 1/2 cup blueberries,"Spread the mayonnaise over each slice of bread. Place a piece of lettuce onto one slice and top it with the turkey, tomatoes, and the remaining lettuce and bread. Butter both sides. In a medium non-stick pan, grill the sandwich for 2 minutes before flipping and grilling an additional 2-3 minutes, or until both sides are golden and crisp. Remove the sandwich from the pan, and allow it to cool down to room temperature before cutting it in half. Place it into a lunch container with the fruit and veggies, making sure to pack everything in separate compartments, so the bread stays toasty. Close the lunchbox and pack it into a lunch bag with an ice pack.",10 minutes,https://www.momables.com/turkey-club-sandwich-lunchbox/
Caprese English Muffin Lunchbox,1  English muffin (split and toasted) | ¼ cup shredded mozzarella cheese | 4  cherry tomatoes (halved (or 2 slices of regular tomato)) | Fresh basil leaves | Olive oil (for drizzling) | Balsamic glaze (optional) | Salt & pepper (to taste),"Split the English muffin in half and toast until crisp. Sprinkle the toasted halves with shredded mozzarella. Top with tomatoes and fresh basil. Drizzle with olive oil and balsamic glaze (if using), then season with a little salt and pepper. Place Caprese bites in a hard lunch container keeping healthy sides, like fruit and veggies, separate. Include an ice pack, if necessary.",5 minutes,https://www.momables.com/caprese-english-muffin-lunchbox/
Turkey Panini,2 slices sandwich bread | 2 slices cheese | 1 ounces deli turkey | 2 slices of tomato | butter (for grilling),"Make the sandwich starting with a layer of cheese, then add the turkey, the tomato in the middle, and then another layer of cheese to create a moisture barrier to prevent the bread from getting soggy. Brush the outside of the sandwich with a little butter or olive oil. Grill it in a panini press or skillet with a heavy pan on top to press it down. Cook until golden on one side, flip, and repeat. Cheese should be gooey and the outside should be crisp. Let it cool slightly before slicing it in half on a plate or cutting board. Enjoy!",5 minutes,https://www.momables.com/turkey-panini/
Korean Chicken Lunch Bowl for Teens,½ cup Korean chicken (pre-cooked and sliced) | 1 cup jasmine rice or white rice | ½ cup Asian Slaw (already dressed),"Spoon the rice into the largest compartment of a bento-style container and top with the prepared Korean chicken. If serving cold, let everything cool completely before packing to prevent condensation. To pack it warm, you can use a thermos-style container for the rice and chicken. Place the pre-dressed Asian slaw in a separate compartment so it stays crisp until lunchtime. If you want to include extra sriracha or another sauce, pour it into a small leak-proof container to avoid spills. Store the packed bowl and sauce (if including) in the fridge until ready to leave for school, then place it in a lunch bag with any healthy sides and an ice pack.",5 minutes,https://www.momables.com/korean-chicken-lunch-bowls-for-teens/
Mediterranean Lunch Bowls For Teens,1 pound chicken breasts | 3 tablespoons olive oil (more for cooking) | 1  lemon zest | 2 tablespoons lemon juice | 2 cloves garlic (grated) | 1 teaspoon dried oregano | 1/2 teaspoon salt | 1/4 teaspoon black pepper | 1 cup farro | 3 cups water or stock | 1/2 teaspoon kosher salt | 1 pint cherry tomatoes (halved) | 1  seedless cucumber (coarsely chopped) | 1/2 cup kalamata olives | 1/2  red onion (sliced) | Tzatziki sauce | 1/4 cup crumbled feta cheese | 1  cucumber | 1  garlic clove | 1 cup plain yogurt | 1/2 teaspoon salt | 1/2 teaspoon lemon juice | 1/4 teaspoon dried dill,"In a large zip bag, place the chicken breasts, olive oil, lemon zest, lemon juice, garlic, oregano, salt, and pepper. Marinate in the refrigerator for at least 20 minutes, ideally 4 hours or overnight. Rinse and drain farro. Place farro in a pot with salt and water or stock. Bring it to a boil, reduce heat to medium-low, and simmer for 30 minutes until the grain is tender. Drain off any excess water. In a large skillet, heat olive oil over medium-high heat, place the chicken breasts on the hot surface, and cook the first side for 7 minutes. Flip the chicken breast over and continue to cook for an additional 5-7 minutes until the internal temperature has reached 165F. Discard the marinade. Remove chicken from pan onto a plate and wait 5 minutes before slicing. Grate the cucumber on top of a couple of paper towels. Once grated, squeeze any excess moisture over the sink and transfer the grated cucumber into a bowl. Grate the garlic clove in the bowl. Add yogurt, salt, lemon juice, and dill. Stir to combine and refrigerate until ready to pack. In a lunchbox, make a base of farro. Top with sliced chicken, tomatoes, cucumber slices, olives, red onion, and feta cheese. Pack the tzatziki sauce in a small leak-proof container and place it in the lunch box. Enjoy this lunch cold or at room temperature.",55 minutes,https://www.momables.com/mediterranean-lunch-bowls-for-teens/
Thai Chicken Lunch Bowls for Teens,½ cup Thai baked chicken | 1 cup rice  (jasmine or white) | ½ cup shredded cabbage | ¼ cup carrots shredded (or grated) | ¼ cup cilantro chopped | 1 tablespoons peanuts chopped (optional) | Peanut Sauce,"Spoon in the rice into the largest compartment of a bento-style container and top with the Thai baked chicken. If serving cold, let everything cool completely before packing to prevent condensation. If packing this bowl warm, you can also pack the rice and chicken hot inside a thermos container. Place cabbage, carrots, and any extra toppings in the other compartments. Pack the peanut dressing separately in a small lidded container. Store the packed bowl and dressing in the fridge until ready to leave for school, then place it in a lunch bag with any healthy sides and an ice pack.",5 minutes,https://www.momables.com/thai-chicken-lunch-bowls-for-teens/
Avocado Toast for Lunch,"1 slice of bread (like sourdough or multigrain–toasted and cooled) | ½  ripe avocado (sliced or mashed with a squeeze of lemon) | Lunch sides (like cherry tomatoes, sliced cucumber and apple slices)","Toast a slice of bread until golden and let it cool completely so it stays crisp in the lunch container. Mash or slice avocado with a squeeze of lemon and store it in a small lidded dip container, or use a single-serve guac pack. Place the toast in one section of a hard bento-style container. Add fruits, veggies, and avocado to separate compartments. Pack additional toppings separately and wait to add until just before eating. Pack with an ice pack to keep the avocado fresh.",5 minutes,https://www.momables.com/avocado-toast-for-lunch/
Avocado Egg Salad Sandwich,6  hard-boiled eggs | 1  ripe avocado (peeled and pitted) | 1 tablespoon Greek yogurt (or any plain yogurt) | 1 tablespoon lemon juice (optional) | 1 teaspoon yellow mustard | 1/2 teaspoon salt (plus more to taste) | 1/4 teaspoon pepper (plus more to taste) | 8 slices bread,"In a medium bowl, add avocado. Mash until completely smooth. Add yogurt, lemon juice, mustard, salt, and pepper; stir to combine. Add eggs; stir until ingredients are thoroughly mixed. Add a scoop of egg salad to 4 slices of bread and assemble the sandwiches. Slice in half and serve.  Pack this sandwich in a sturdy container inside an insulated lunch bag and use an ice pack to keep the temperature inside the lunch bag cool.",5 minutes,https://www.momables.com/avocado-egg-salad-sandwich/
Egg Salad Stuffed Avocado,1  hard boiled egg | 1 tablespoons Greek yogurt or mayo | 1/2 teaspoon yellow mustard | Pinch paprika | Pinch salt and pepper | 1/2  ripe avocado (pitted) | 1 tablespoon lemon juice (about ½ lemon),"Finely chop the hard boiled egg on a cutting board and transfer it into a bowl. Add the Greek yogurt or mayonnaise, mustard, paprika, salt and pepper, and mix well to combine the ingredients. Adjust more mayo or yogurt if necessary to your liking. Remove the pit from the avocado and place it in the lunch container. Squeeze the lemon over the avocado and scoop the egg salad on top. Alternatively, you can score the avocado with a knife and use a spoon to remove the avocado pieces directly inside the lunch container. Squeeze the lemon on top of the avocado and scoop the egg salad on top. In separate compartments or containers pack fresh fruit, veggies, and snacks. Refrigerate until ready to pack inside a lunch bag with an ice pack if necessary.",5 minutes,https://www.momables.com/egg-salad-stuffed-avocado/
Bacon Apple Grilled Cheese,2 slices bread | 1 tablespoon butter | 2  slices cheese | 3-4  thin apple slices (like Honeycrisp or Pink Lady) | 2 slices cooked bacon,"Spread butter on the outside of both bread slices. On the unbuttered side, layer a slice of cheese, a few thin apple slices, bacon, a second layer of cheese and then close the sandwich. Heat a non-stick pan over medium. Grill the sandwich for 2–3 minutes per side, or until the bread is golden brown and the cheese is fully melted. Remove the sandwich from the pan, and allow it to cool down to room temperature before cutting it in half.",5 minutes,https://www.momables.com/bacon-apple-grilled-cheese/
Bacon Grilled Cheese,2 slices bread | 2 slices cheddar cheese (sharp or mild) | 2 slices bacon | 1 tablespoon butter (for grilling),"Place a slice of cheddar cheese on each piece of bread, layer on the bacon, close and generously butter the outside of the sandwich. Heat a skillet over medium-low heat. Grill the sandwich slowly until the bread is golden brown, flip and continue grilling until the cheese is melty. Remove from heat and let it cool. Slice the cooled sandwich in half and pack it in a lunch container. Pack any sides like fruit or veggies in separate compartments to keep them fresh. Use an ice pack if needed.",5 minutes,https://www.momables.com/bacon-grilled-cheese/
Roast Beef Sandwich on French Bread,1  French bread roll or 6-inch section of French bread | 2 ounces Provolone cheese | 3 ounces deli roast beef | 2-3  tomato slices | 1-2 leaves Romaine or green leaf lettuce | Mayonnaise or horseradish sauce (optional),"Slice the French bread horizontally and spread a little mayo or sauce on the bottom. Place the lettuce first, then layer the cheese, roast beef, and tomatoes. Top with the other half of the bread and gently press together. Slice the sandwich and enjoy now or pack it in a hard, lunch container for school. Add healthy lunch sides and an ice pack, if necessary.",5 minutes,https://www.momables.com/roast-beef-sandwich-on-french-bread/
Grilled Veggie Sandwich,2 slices bread (hearty options like French or sourdough) | ½ cup sliced grilled zucchini | ½ cup sliced grilled red pepper | fresh arugula | 1 teaspoon sesame seeds | 1 tablespoon mayonnaise,"Spread a layer of mayo on one slice of bread. Stack with grilled zucchini, red pepper, and a handful of fresh arugula. Sprinkle the sesame seeds on top. Close with the second slice of bread, pressing gently to hold it all together. Heat a medium non-stick pan over medium-high heat. Lightly butter the outside of the sandwich, then grill for 2-3 minutes per side until the bread turns golden brown and crisp. Remove from heat and let it cool. Slice the cooled sandwich in half and pack it in a hard lunch container. For added freshness, keep any sides like fruit, veggie sticks, or chips in a separate compartment or container. Use an ice pack, if necessary.",7 minutes,https://www.momables.com/grilled-veggie-sandwich/
Caprese Sandwich with Pesto,1 tablespoon pesto | 2  thick slices of sourdough bread | 1-2 ounces whole milk Mozzarella (sliced) | 1  ripe tomato (sliced),"Spread the pesto over each slice of bread. Layer with cheese and tomatoes. Assemble the sandwiches, slice, and serve or pack into lunch containers. ",5 minutes,https://www.momables.com/pesto-caprese-sandwich/
Baked Plantain Chips Recipe,2  green plantains | 2 tablespoon coconut oil (melted) | 3/4 teaspoon salt,"Preheat the oven to 350°F and line two baking sheets with parchment paper. Cut the ends off the plantains and score the skins so you can peel them. Cut each plantain into diagonal slices, as thin as you can manage but keeping them similar in size. Brush both sides of the plantain slices with coconut oil and place them on the prepared sheets. Sprinkle with salt. Place the sheets in the preheated oven and bake for a total of 20 to 25 minutes, rotate and swap the baking sheets at around 15 minutes and flip the chips over. Bake for the remaining 5 to 10 minutes, removing the chips from the oven before they begin to brown.",25 minutes,https://www.momables.com/baked-plantain-chips-recipe/
Buffalo Chicken Sliders Lunchbox,"2 cups shredded rotisserie or cooked chicken | ¼ cup Buffalo sauce | 6  slider rolls (Hawaiian rolls, dinner rolls, or any soft bun) | Shredded mozzarella cheese | Ranch or blue cheese dressing (for dipping)","In a medium bowl, combine the shredded chicken with Buffalo sauce until fully coated. Slice the rolls in half horizontally. Place the bottom halves on a foil-lined baking sheet. Spoon the buffalo chicken mixture evenly over the rolls and top with shredded cheese. Place the tops of the rolls back on. Lightly cover with foil and bake at 350F for 10–12 minutes, or until the cheese is melted and the sliders are warmed through. Let them cool before slicing them apart. Enjoy warm or pack in a hard lunch container along with healthy lunch sides and an ice pack, if necessary. Pour the dressing into a small leak-proof container and pack separately.",5 minutes,https://www.momables.com/buffalo-chicken-sliders-lunchbox/
Ham &amp; Cheese Sliders,2  dinner rolls | 1/2 tablespoon mayonnaise | 2 ounces deli ham or turkey (sliced) | 1 slice of cheese (quartered),"Slice the slicers in half. Spread mayo and mustard on the sliders, top each half with ham and cheese, and close the slider. Place the sliders inside a lunch container. In another compartment or separate snack box, pack healthy sides like fruit and veggies. Pack any dips inside a separate compartment or small lidded container. Keep the lunch and sides refrigerated until you place it inside the lunch bag with an ice pack, if necessary.",5 minutes,https://www.momables.com/ham-cheese-lunchbox-sliders/
How to Make a Sandwich Wrap,1  flour tortilla | 1 cup chopped lettuce | 1/2 cup halved cherry tomato | 2 ounces sliced deli turkey | 1  hard-boiled egg (sliced) | 2 tablespoons shredded Cheddar cheese | 2 tablespoons Ranch dressing,"Place the tortilla onto a flat surface. Top the center of the tortilla with lettuce, tomatoes, chopped deli turkey, chopped hard-boiled eggs, cheese, and a drizzle of Ranch dressing. Fold and roll burrito style. Slice in half and pack into a lunch container.",5 minutes,https://www.momables.com/make-sandwich-wrap/
Fruit and Yogurt Lunchbox Parfait,1/2 cup diced strawberries | 1 cup vanilla yogurt | 1/2 cup blueberries | 2 tablespoons grain-free granola (optional),"Layer the strawberries, yogurt, and blueberries inside a parfait cup, thermos or glass jar. If using granola, pack it separately to keep it crunchy and sprinkle it on just before eating.  If making ahead, keep refrigerated until school and then pack parfait in an insulated lunch bag with an ice pack.",5 minutes,https://www.momables.com/fruit-and-yogurt-parfait-red-white-and-blue/
Lunchbox Fruit Salad Cups,2  kiwis (peeled and diced) | 1 cup raspberries | 1 cup blueberries | 1 cup diced pineapple | 1 tablespoon maple syrup (optional),"In a large bowl, combine the fruit and maple syrup. Toss to combine. Divide the salad into 4 8-ounce lidded cups or thermos containers. Pack the fruit salads into a lunch bag with an ice pack or refrigerate overnight.",5 minutes,https://www.momables.com/lunchbox-fruit-salad/
Air Fryer Uncrustables,2  frozen Uncrustables | Cooking spray (optional),"Unwrap the frozen Uncrustables and spray them with cooking spray on both sides. This is optional but will give them a terrific golden color and crisp texture. Place them inside your air fryer with the cooking tray in place. Set the temperature to 375F and cook frozen Uncrustables for 7 to 8 minutes and thawed for 5 minutes. Remove them from the air fryer, slice or bite, and enjoy.",7 minutes,https://www.momables.com/air-fryer-uncrustables/
Cottage Cheese Veggie Sandwich,2 slices whole grain bread | ⅓ cup cottage cheese | ¼  cucumber (thinly sliced) | 2-3  green leaf lettuce leaves | Salt and pepper (to taste),"If using regular sandwich bread, lightly toast the bread to for added texture (helps prevent sogginess too). Place the lettuce leaves on one slice of bread to create a moisture barrier. Top with the sliced cucumber, then spoon the cottage cheese evenly over the top. Season with a pinch of salt and pepper, if using. Top with the second slice of bread. Slice in half and serve immediately. This sandwich is best enjoyed fresh.",5 minutes,https://www.momables.com/cottage-cheese-sandwich/
Egg Salad Without Mayo,8  large eggs | 2 tablespoons yellow mustard | 1 1/2 teaspoons paprika | 1/3 cup plain Greek yogurt (or mayo) | 1/4 teaspoon salt | 1/4 teaspoon pepper,"Place eggs in a medium saucepan. Cover with cold water with 1-inch of water above the eggs. Bring water to a boil, turn off the heat, cover and let the eggs sit in the saucepan for 13 minutes. Drain, add some ice cubes to the eggs in the pan and fill them with cold water. Peel eggs one by one and let them cool down before making the egg salad. Dice the hard-boiled eggs and place them in a bowl. To the eggs, add yellow mustard, paprika, Greek yogurt, salt, pepper, and chives. Mix well to combine. Refrigerate for at least an hour or overnight.",20 minutes,https://www.momables.com/healthy-lunch-idea-mayo-free-egg-salad/
Salmon Salad Sandwich (for One),1 pouch salmon (liquid drained) | 2 teaspoons mayonnaise | 1/2 rib celery (optional) (finely chopped) | 1/4 teaspoon lemon pepper or all-purpose seasoning | Lettuce &amp; tomato (optional) | 2 slices sandwich bread,"In a medium bowl, use a fork to break the larger pieces of salmon. Add the mayo, finely chopped celery (if using), and sprinkle your favorite seasoning on top. Mix it well with a fork to incorporate all the ingredients with the mayo. Spread a little more mayonnaise on one slice of bread, just enough to coat it before you place the lettuce on top. If adding sliced tomato, place it on top of the lettuce leaf. Scoop the salmon salad on top of the lettuce and tomato, and close the sandwich with the other slice of bread. Slice the sandwich in half and enjoy immediately or pack it for lunch. Place the sandwich in one compartment, and sides, like fruit and veggies, on separate compartments, keeping them away from the sandwich so it doesn&#39;t get soggy. Pace the packed lunch inside a lunch bag and add an ice pack if necessary.",10 minutes,https://www.momables.com/salmon-salad-sandwich/
Healthy Homemade Lunchables | Turkey &amp; Cheese Lunchable,4-6 slices deli turkey (rolled) | 1- ounce cheese (sliced) | 1 cup berries (your choice) | Whole-grain crackers,Evenly dived the ingredients into a compartmentalized lunch container. Pack the crackers in a separate compartment or container to prevent them from getting soggy. ,5 minutes,https://www.momables.com/homemade-lunchable/
Simple School Lunch Ideas,1  apple (sliced) | 1  handful of seedless grapes | 2-4 ounces rolled deli turkey | 1 ounce pretzel chips or whole-grain crackers | 1 ounce cheese crisps or cubed cheese,"Wash the grapes and slice the apples. Cut each roll of turkey in half. Place the grapes, apples, and turkey inside the lunch container. Pack the pretzel chips and cheese crisps or cubes into separate compartments to keep them dry. Close the lunch container and pack it into a lunch bag with an ice pack.",5 minutes,https://www.momables.com/simple-school-lunch-ideas/
Chicken Avocado Wrap for the Lunchbox,4 oz (1/2 cup) cooked chicken (finely chopped or shredded) | 1 tablespoon mayonnaise (or Ranch) | Lettuce leaves | 3 slices tomato | 1/4  avocado (sliced) | 1  large tortilla | Fruit | Veggies,"Place the tortilla on a flat surface and spread a thin layer of mayonnaise or Ranch dressing over the tortilla. Layer a couple of lettuce leaves on top. Place the tomato slices in the middle of the tortilla, in a row. Top with the shredded or finely chopped chicken and lay the avocado slices on top or next to the chicken. Fold in the two sides and then one end over the chicken, rolling it tightly into a wrap. Slice in half. Place the chicken wrap inside the main compartment of a lunchbox along with some fruit and veggies. Cover with the lid and refrigerate until ready to pack inside a lunch bag with or without an ice pack.",5 minutes,https://www.momables.com/chicken-avocado-wrap/
PB&amp;J Sandwich Bento,2 slices of sandwich bread | 1 1/2 tablespoons peanut butter | 1 1/2 tablespoon jelly | 1  apple (sliced) | 1/2 cup baby carrots | 1/2 cup berries,"Spread the peanut butter on both slices of bread. Spread the jelly on one side and close the sandwich. Slice in half or into 4 pieces. Place the PBJ sandwich pieces inside the main compartment of a bento-style lunch box. Add the apple slices and the baby carrots, packed tightly inside. These can go in the same compartment as the pbj. Place the berries, sliced strawberries or blueberries, in a separate compartment, away from the sandwich, since these contain a lot of moisture. Close the bento lunch box. Place the bento lunch it inside a lunch bag with an ice pack, if necessary.",5 minutes,https://www.momables.com/peanut-butter-and-jelly-sandwich-bento/
Healthy School Lunch Ideas with Hard-Boiled Eggs,3  hard-boiled eggs | 2  strips bacon (cooked and crumbled) | 1/2 cup halved grape tomatoes | 1/2 tablespoon olive oil | 1/2 teaspoon salt | 1/4 teaspoon black pepper | 8  large lettuce leaves,"In a medium bowl, combine the hard-boiled eggs, bacon, and tomatoes. Drizzle with olive and season with salt and black pepper, toss to combine.  Layer one lettuce leaf on top of another to create a ""cup"". Fill each lettuce cup with the hard-boiled egg and bacon mixture. Serve immediately or if packing for lunch, divide the lettuce cups between 2 lunch containers. ",5 minutes,https://www.momables.com/5-healthy-school-and-office-lunch-ideas-with-boiled-eggs/
Leftover Chicken Lunchbox for Teens,3 ounces grilled or roasted chicken (cut into strips) | 1 cup sugar snap peas | 1/2 cup grape tomatoes | 1  hard-boiled egg | 1-2 slices bacon (cooked and cut into 2-inch pieces) | Puffed cheese crisps or snack of choice,"Place the chicken strips and veggies into the lunch container. Add the hard-boiled egg, bacon, and cheese crisps to the empty compartments, keeping the dry ingredients separate from the hard-boiled egg. Close the container and pack it into the lunch bag with an ice pack.",5 minutes,https://www.momables.com/leftover-chicken-lunchbox/
Baked Zucchini Chips,1  medium zucchini | 1 tablespoon olive oil | Salt and other seasonings to taste,"Preheat the oven to 225F and line a baking sheet with parchment paper and set aside. Using a mandoline or a knife, thinly slice the zucchini. The thinner the slices, the better they’ll crisp up in the oven. Lay the slices evenly onto sheets of paper towels, then sprinkle the tops with salt. Use no more than ¼ teaspoon total for all the slices. Allow the slices to sit for about 10 minutes. This will help draw out the liquid.  After 10 minutes, blot the slices dry with additional paper towels to remove the excess moisture. Lay the slices evenly on the baking sheet (you may need to use more than one pan, depending on how large your zucchini is). Brush the olive oil evenly over the tops of the slices, then sprinkle with your seasonings of choice. Be careful not to use too much because you already salted the slices, and they will shrink when baking. Bake for about 2 hours, or until they’ve reached your desired crispiness. Remove from the oven and allow to cool prior to serving. ",10 minutes,https://www.momables.com/how-to-make-zucchini-chips/
Easy Fruit Leather Recipe,4 cups diced strawberries (any fruit) | 2 tablespoons honey (or sugar) | 1 tablespoon lemon juice (optional),"Preheat oven to the lowest setting, between 150F to 200F, with the top oven rack in the middle position. If making more than one tray, place the second oven rack right below the first. Line a baking sheet with parchment paper. Do not use wax paper. Add the berries and honey into a blender and blend until smooth. Add the lemon juice to keep the fruit leather bright in color; it&#39;s not essential to the recipe, just for looks. To remove the berry seeds, pour through a sieve. Pour the mixture onto the prepared baking sheet and, with the back of a silicone spatula, spread the berry mixture into a thin, even layer. The middle tends to be thicker than the sides, spread this out to just as thin since the middle is the last thing to dry out. Bake for 4 to 6 hours, until the fruit leather peels away easily from the parchment and the middle is no longer wet. If baking multiple baking sheets, swap positions after 2 to 3 hours. Remove the tray from the oven onto the counter to fully cool down for 4 hours or overnight. With scissors, cut the parchment paper from one end to the other, into strips. Roll them up, parchment and all. To eat, separate the fruit leather from the parchment as you go. Store the fruit leather rolled up in a zip bag or an airtight container in the fridge or pantry for up to 1 month.",370 minutes,https://www.momables.com/how-to-make-fruit-leather/
Air Fryer Grilled Cheese (Fool Proof!),2 slices sandwich bread | 2 slices cheese (your favorite) | Butter or spray (for grilling),"Preheat the air fryer to 370°F (185C) for 5 minutes. Place the sliced bread on a flat surface and butter both slices of bread. Flip the bread slices over, place the cheese, and close the sandwich, buttered sides out. Take a toothpick and slide it through the middle of the sandwich to keep it together inside the air fryer. Place the cheese sandwich in the preheated air fryer. If making more than one grilled cheese at a time, make sure not to stack them. Air fry it for 2 minutes on the first side, open the air fryer and flip the sandwich over. Air fry the second side for another 2 to 3 minutes. Remove the toothpick and serve the grilled cheese sandwich.",10 minutes,https://www.momables.com/air-fryer-grilled-cheese/
Fried Bologna Sandwich,2 slices sandwich bread (any) | 2 teaspoons mayonnaise | 2  teaspoons Creole mustard | 2 oz bologna | 1 slice American cheese | 2  green lettuce leaves (shredded) | tomato slices (optional),"Toast the bread to a golden color. Once toasted, spread the mayonnaise on one slice of bread and spread the Creole mustard on the other. Place the lettuce on one slice of bread, and top it with the American cheese. If you&#39;re adding tomato slices to the sandwich, place them on top of the cheese. Heat a non-stick pan over medium heat. Once hot, spray a little oil spray. Make a couple of slices along the bologna edges with a knife. This prevents the meat from curling up onto itself. Place the bologna slices on the hot pan, and cook the first side until it begins to char, for about a minute, and flip it over to pan-fry the other side. Remove the fried bologna from the pan and place it on top of the open sandwich. Close the sandwich. Enjoy it now or pack it inside a lunch box. Wait a couple of minutes for the bologna to cool down to room temperature before closing the sandwich. Then, place the sandwich in one compartment, and sides, like fruit and veggies, in separate compartments, making sure to keep them away from the sandwich so it doesn&#39;t get soggy. Pace the packed lunch inside a lunch bag and add an ice pack if necessary.",5 minutes,https://www.momables.com/fried-bologna-sandwich/
Grilled Cheese and Tomato Sandwich,4 slices thick sandwich bread | 1 tablespoon butter (for grilling) | 4 slices Cheddar cheese | 1/2  tomato (sliced),"Place the sliced bread on a flat surface. Butter one side of each slice, flip over. Place a slice of cheese on each unbuttered side. Layer the tomato slices onto 2 slices. Assemble the sandwiches, making sure the buttered sides are facing out. Grease a medium non-stick skillet and heat over medium-high heat. One at a time, grill each sandwich for about 2 to 3 minutes until it’s golden and the cheese has begun to melt on that side. Flip sandwich and grill on the other side for an additional minute or 2 until it’s golden, crispy, and cheese is melted. Serve immediately, or, to pack in a lunchbox, wait for the sandwich to cool to room temperature before packing inside a lunch container. If packing for lunch, add the veggies and additional snacks to the container, but place them in separate compartments to keep the sandwich bread dry. ",10 minutes,https://www.momables.com/grilled-cheese-and-tomato/
8 Vegetarian School Lunch Ideas,40  wonton wrappers | 1  can refried black beans (warmed) | 1 cup shredded Cheddar cheese | 3/4 cup pico de gallo (or salsa) | Sour cream (for topping) | Guacamole | 2  green onions (sliced),"Preheat the oven to 375F. Grease 2 muffin tins with cooking spray. Line each cup with 2 wonton wrappers and lightly spray with cooking oil. Transfer the muffin tins to the oven and bake for 8 to 10 minutes or until the wonton wrappers are golden brown and crispy. Meanwhile, in a microwave-safe bowl, warm the beans. Remove the taco cups from the oven and fill each with warmed black beans, cheese, pico de gallo/salsa, sour cream, guacamole, and green onions.",16 minutes,https://www.momables.com/8-vegetarian-school-lunch-ideas/
Grilled Cheese Dippers Thermos Lunch,2 slices of whole-grain bread | 1 - 2 slices Cheddar cheese | Butter (for grilling) | 1  serving of Tomato Soup,"Lightly grease a medium non-stick with cooking spray. Grill the sandwiches over medium heat, for 2 to 3 minutes per side until the cheese melts and the bread is toasted.  Remove the sandwiches from the skillet and allow them to cool down for 5 minutes before slicing vertically into strips, about 3 or 4.  Serve immediately with soup, if desired. ",2 minutes,https://www.momables.com/grilled-cheese-dippers/
Tomato Pasta Salad Lunch Box,1 cup cooked pasta (like cavatappi or rotini) | ¼ cup cherry tomatoes (halved) | 1 teaspoon olive oil | 1 tablespoon fresh basil (chopped) | Pinch of salt and pepper,"In a bowl, combine the cooked pasta, cherry tomatoes, olive oil, chopped basil, salt, and pepper. Toss until everything is well coated, then transfer to a lunch container. Place the pasta salad, any healthy sides, and a fork inside a lunch bag. Use an ice pack to keep it cool and fresh until lunchtime.",5 minutes,https://www.momables.com/tomato-pasta-salad-lunchbox/
Grilled ham & cheese with tomatoes & spinach,2 slices of sandwich bread | ½ cup fresh spinach | 2 ounces deli ham | 2 slices of tomato | 2-4 slices of cheese (or enough to cover bread) | Butter (for grilling),"Spread butter on the outside of each slice, then layer cheese, ham, tomato, spinach and another layer of cheese between the bread, buttered sides facing out. On a greased non-stick skillet, grill the sandwich over medium heat on both sides for about 2 to 3 minutes until it's golden brown and the cheese is melty. Remove from heat and let it cool. Slice the cooled sandwich in half and pack it in a hard lunch container. Keep any sides like fruit and veggies in a separate compartment or container to keep the sandwich bread dry. Use an ice pack, if necessary.",5 minutes,https://www.momables.com/grilled-ham-cheese-with-tomatoes-spinach/
Grilled Ham and Cheese,4 slices sandwich bread | 1 tablespoon butter (for grilling) | 4 slices Cheddar cheese | 2 ounces deli ham,"Place the sliced bread on a flat surface. Butter one side of each slice, flip over. Place a slice of cheese on each unbuttered side. Layer the ham slices onto 2 slices. Assemble the sandwiches, making sure the buttered sides are facing out. Grease a medium non-stick skillet and heat over medium-high heat. One at a time, grill each sandwich for about 2 to 3 minutes until it’s golden and the cheese has begun to melt on that side. Flip sandwich and grill on the other side for an additional minute or 2 until it’s golden, crispy, and cheese is melted. Serve immediately, or, to pack in a lunchbox, wait for the sandwich to cool to room temperature before packing inside a lunch container. If packing for lunch, add the veggies and additional snacks to the container, but place them in separate compartments to keep the sandwich bread dry. ",10 minutes,https://www.momables.com/grilled-ham-and-cheese/
Baked Grilled Cheese,8 slices sandwich bread (your favorite) | 8 ounces sliced cheese | Butter,"Preheat the oven to 450°F and position the oven rack in the middle of the oven. Lightly butter one side of all slices of bread. Place half of them butter side on the sheet pan and top with sliced cheese. Close the sandwich with the other slices of bread, butter side up. Place the baking sheet in the preheated oven and bake the sandwiches for 6 minutes. Remove the sheet pan from the oven, flip the sandwiches over, and bake for an additional 2 to 3 minutes, or until the cheese is melted. Remove from the oven and serve immediately.",10 minutes,https://www.momables.com/baked-grilled-cheese/
Salami Croissant Sandwich,1  croissant (sliced horizontally in half) | Condiments: mayonnaise & mustard (your choice) | 2  large green lettuce leaves | 2 ounces salami (sliced) | 1 ounce deli cheese (sliced) | 3-4  cherry tomatoes (sliced),"Slice the croissant in half horizontally and open both sides. Spread a little mayo and mustard on the top and bottom of the croissant. Place the lettuce leaves on both halves of the croissant and layer your ingredients so that the cheese, salami, and slices cherry tomatoes are between the two lettuce leaves. Close the sandwich. Slice the croissant sandwich in half and place it inside a lunch container where it fits snugly, so everything stays in place. Pack any sides, like fruits and veggies, in a separate compartment or container. Refrigerate until ready to pack inside a lunch bag, with or without an ice pack.",5 minutes,https://www.momables.com/salami-croissant/
5 Healthy School Lunch Ideas with Egg Salad,8  hard-boiled eggs (peeled and diced) | 1 1/2 tablespoons Dijon mustard | 1 teaspoon paprika | 1  small white (onion) | 1 tablespoon chopped fresh chives | 1/4 cup Greek yogurt | 1/2 teaspoon black pepper | 1/2 teaspoon salt,"Add all the ingredients to a medium bowl and stir, thoroughly to combine.  Refrigerate in an airtight container for up to 3 days. ",5 minutes,https://www.momables.com/healthy-school-office-lunch-ideas-egg-salad/
Chicken Salad Wraps | 5 Healthy Lunch Ideas with Chicken Salad,1  whole roasted chicken (meat off) | 1/2 cup finely chopped celery⁣ | 1  lemon (juiced⁣) | 1/3-1/2 cup mayonnaise⁣ | 1/4 teaspoon salt⁣ | 1/2 teaspoon pepper⁣ | 1 teaspoon Creole Seasoning⁣ | Shredded lettuce | 2  large flour tortillas,"Put chicken meat in a food processor and pulse a few times to roughly chop. Continue pulsing for about 30 seconds until the chicken is finely chopped. *If you turn ""on"" the food processor, your chicken will become a ""paste"" instead, use the pulse method until it's very finely chopped. In a bowl, combine lemon juice, mayonnaise, salt, pepper creole seasoning and blend well.⁣ Toss chicken into the bowl, combine a few times with a spatula and add finely chopped celery.⁣ Top both tortillas with 1/2 to 3/4 cup chicken salad and shredded lettuce. Fold and roll tightly. Cut in half and serve or pack into lunch containers. ",10 minutes,https://www.momables.com/5-healthy-back-to-school-lunch-ideas-with-chicken-salad/
5-Minute Healthy School Lunch Ideas,1/2  cucumber (sliced) | 1/2 cup hummus | 2  pita rounds (cut into wedges) | 1/4 cup crumbled feta cheese | 16  pitted Kalamata or black olives,"Divide the ingredients between 2 lunch containers with compartments. Pack the hummus into sauce containers, if needed.",5 minutes,https://www.momables.com/5-minute-quick-lunch-ideas-for-school/
7 Dairy-Free School Lunch Ideas | Mini Pumpkin Pancakes,1 1/4 cups all-purpose flour | 1 to 2 tablespoons brown sugar (optional) | 2 teaspoons baking powder | 1/4 teaspoon salt | 1 teaspoon pumpkin pie spice | 1 cup milk of choice (( I used unsweetened almond)) | 1/2 cup pumpkin puree | 1  large egg | 2 tablespoons butter (melted) | Maple syrup (for serving (optional)),"In a large bowl, combine the flour, sugar, baking powder, salt, and pumpkin pie spice. Stir to combine. In a separate large bowl, combine the milk, pumpkin puree, egg, and butter. Whisk to combine. Add the dry ingredients to the wet ingredients and whisk together until just combined. In a large greased skillet or griddle, over medium heat pour 1 to 2 tablespoons batter to make small pancakes.  For larger pancakes, up to 1/4 cup of batter. Cook for 2 to 3 minutes until pancake batter starts to bubble and flip. Cook for an additional minute or until the middle is cooked through and the bottoms are golden brown. Remove pancakes from the skillet and serve with maple syrup, if using.",5 minutes,https://www.momables.com/7-dairy-free-school-lunch-ideas/
7 Lunch Ideas with Guacamole | Tex Mex Bento Box,2 ounces guacamole (or single serve guac) | 1 serving whole grain chips (your favorite) | 1 cup fresh veggies (washed and sliced) | 1 ounce cheese cubes (optional),"Fill a small lidded dip container with guacamole or pack a single-serve guac inside the main compartment of the bento box. Place your favorite tortilla chips around the guacamole, in this compartment. The idea is to keep all dry ingredients here so the chips don&#39;t get soggy. Wash and slice fresh veggies -like bell peppers or cherry tomatoes- an place them in another compartment of the lunchbox. Place any other ingredients, like cheese cubes or black olives (shown) in a separate compartment or inside a lidded container. Close the lid to the bento box and refrigerate until ready to pack inside a lunch bag. This lunch can be assembled the night before.",5 minutes,https://www.momables.com/tex-mex-bento-healthy-lunch-with-guacamole/
Fun Holiday Snack Ideas,10  Mini marshmallows | 10  Strawberries (tops sliced off) | 1  Banana (peeled and sliced) | 10  Green grapes | 10  Toothpicks,"Wash and cut your fruit. On each toothpick, assemble your kabob as follows: one mini marshmallow, one strawberry, one banana slice, and one green grape.",10 minutes,https://www.momables.com/6-healthy-holiday-snacks-for-kids/
10 Nut-Free School Lunch Ideas | Pizza Bento Box,2  single-serve hummus cups | 2 ounces sliced pepperoni | 2 ounces Mozzarella cheese cubes | 12  black olives | 1/2 cup roasted red bell peppers | Pita chips,Divide the ingredients between 2 lunch containers with compartments. Keep the crackers separate from the rest of the ingredients to prevent them from getting soggy.,5 minutes,https://www.momables.com/10-nut-free-school-lunch-ideas/
5 School Lunch Ideas with Ham,4 slices deli ham | 1 slice Swiss cheese (halved) | 2  street-size tortillas | 1 handful green lettuce (shredded) | 1  peach (sliced) | 1 cup strawberries,"Top each tortilla with 2 to 3 slices ham, 1 slice of cheese, and lettuce. Fold and pack into a lunch container with fruit. ",5 minutes,https://www.momables.com/ham-lunch-ideas/
Protein Lunchable,1  hard-boiled egg (peeled) | 2 ounces deli turkey (rolled up) | 1 ounce cheese (cubed) | 6  whole-grain crackers | 1/2 cup strawberries (washed and halved),"To present this like a classic lunchable, place the hard-boiled egg, deli turkey, cheese, fruit, and crackers into separate compartments. To keep the crackers dry, place them in their own compartment.  Close the lunchbox and refrigerate or place it in a lunch bag with an ice pack.",5 minutes,https://www.momables.com/protein-lunchable/
20+ Cold Lunch Ideas for School (quick & easy),Sandwich | Wrap | Pinwheels | Egg cups | Healthy salad | Pasta salad | Fruit: apples | Veggies: Peppers | Dips: hummus | Treat: bites,"Pick a main food item and place it in the main compartment of the lunch box, separate from moisture-containing ingredients. Select your sides to bulk up the lunch. From fresh fruit, cut-up veggies, dips, chips, yogurt, and store-bought items, anything goes! Refrigerate the lunch until ready to pack inside the lunch bag with an ice pack if necessary.",5 minutes,https://www.momables.com/cold-lunch-ideas-kids/
Epic Bento Box Lunch Ideas,2 ounces deli turkey | 1 ounce cheddar cheese (sliced) | 6  whole-grain crackers | 1  hard boiled egg | 1 serving of veggies | 1 serving of fruit,"On a flat surface, roll up the deli turkey slices and cut them into a few pieces. Place them inside the lunch container. Slice 1 to 2 slices of cheddar cheese and place them in the lunch container. Peel and slice the hard-boiled egg in half or, into smaller pieces for younger kids. Place the hard boiled egg inside the compartment of the lunch container. Pack the crackers inside a separate compartment or zip bag so they stay fresh until lunchtime. Add a serving of fruit and veggies to this lunch to round up the nutrition.",5 minutes,https://www.momables.com/bento-box-lunch-ideas/
Bento Box Snacks Ideas: Quick &amp; Easy!,1  apple (sliced) | 1 handful of seedless grapes | 2-4 ounces rolled deli turkey | 1- ounce pretzel chips or whole-grain crackers | 1- ounce cheese crisps or cubed cheese,"Wash the grapes and slice the apples. Cut each roll of turkey in half. Place the grapes, apples, and turkey inside the lunch container. Pack the pretzel chips and cheese crisps or cubes into separate compartments to keep them dry. Close the lunch container and pack it into a lunch bag with an ice pack.",5 minutes,https://www.momables.com/bento-box-snacks/
Easy Breakfast Ideas for Kids,1/2 cup ham (diced) | 6  eggs | 1/4 cup plain Greek yogurt | 3 tablespoons milk | 1 cup cheddar (shredded) | 1/4 teaspoon salt | 1/4 teaspoon pepper,"Preheat the oven to 350°F (180°C). In a large bowl, whisk eggs, plain Greek yogurt, and milk. Add ham, cheese, salt and pepper. Distribute egg mixture evenly into a greased mini muffin pan. Bake for 15-18 minutes. Allow mini quiches to cool in the pan before carefully removing with a small knife or spatula.",5 minutes,https://www.momables.com/back-to-school-breakfast-ideas/
Gluten-Free Lunch Ideas for Everyone,1/2 cup gluten-free all-purpose flour | 1/4 cup coconut milk | 2 tablespoons ground flax | 1 cup gluten-free bread crumbs | 1/4 cup Parmesan cheese (or vegan Parmesan topping) | 1 teaspoon ground paprika | 1/2 teaspoon salt | 1/2 teaspoon pepper | 1 pound cod fillets (cut into 1/2-inch-thick slices),"Preheat the oven to 425F. Line a large baking sheet with parchment paper, and set it aside. Add the flour to a plate and set it aside. Pour the coconut milk into a shallow dish and set aside. In a separate shallow dish, combine the flax meal, bread crumbs, Parmesan, paprika, salt, and pepper. To dredge, dip each fish piece into the flour, then the milk, and finally, the crumb mixture, coating both sides and pressing lightly to adhere. Place the fish sticks onto the baking sheet and bake for 20 minutes, until golden brown, flipping once halfway through.",15 minutes,https://www.momables.com/7-gluten-free-lunch-ideas-for-school/
Grain Free School Lunch Ideas,2 slices deli ham (rolled and cut into 1-inch rounds (about 6 total)) | 6 cubes cheese | 3-6  grape tomatoes | 3  appetizer picks or plastic coffee stirrers | Pitted olives | Whole grain crackers | Sliced fruit or Fruit Salad,"Thread one tomato, turkey round, and cheese cube onto each skewer, repeating if there’s enough room. Repeat with the remaining ingredients and skewers. Place the skewers into a compartmentalized lunch container. Fill the empty lunch compartments with fruit, olives, and crackers, making sure to pack the crackers in their own compartment, so they don’t get soggy. Close the lunch container and add it to a lunch bag with an ice pack.",10 minutes,https://www.momables.com/grain-free-school-lunch-ideas-healthy-easy/
Healthy After School Snack Ideas for Kids,2  apples (sliced) | 1 oz cheese (thinly sliced) | 2-4  energy bites  or (optional) | 2 oz whole grain crackers (optional) | 1 oz dried fruit (raisins or apples) | 6 oz vanilla Greek yogurt | 2 tablespoon peanut butter,"Arrange the apple slices on a small board along with the sliced cheese. If using energy bites, arrange a couple on the board; otherwise, use some whole-grain crackers to pair with the cheese instead. Place the dried fruit in the middle of the board, if using. The photo shows dried apples but a small handful of raisins, prunes, or other dried fruits is great too! Directly in the yogurt cup, mix the yogurt and peanut butter. You can also use a nut-free butter alternative. Place the dip on the board and enjoy!",5 minutes,https://www.momables.com/healthy-after-school-snack-ideas-for-kids/
9 Epic Lunch Ideas with Hummus,1  large flour tortilla | 2 tablespoons hummus | 1  large carrot (shredded) | 1 1/2 cups salad greens (or spinach) | 4 slices deli turkey,"Spread the hummus over the tortilla. Sprinkle the shredded carrots over the hummus and top with the salad greens. Layer the turkey slices on top of the veggies. Fold the sides in and roll tightly into a wrap. Slice in half. Place the wrap inside the main compartment of a lunch container. Add veggies, fruit, or your favorite lunch box sides in another compartment or separate container. Refrigerate until you&#39;re ready to pack it inside the lunch bag, adding an ice pack if necessary.",5 minutes,https://www.momables.com/5-healthy-school-office-lunch-ideas-hummus/
Healthy Teen Lunch: the Wrap,1  flour or gluten-free tortilla | Chopped lettuce | 1/2 cup halved cherry tomatoes | 2 ounces sliced deli turkey | 1  hard-boiled egg (chopped) | 2 tablespoons shredded Cheddar cheese | 1 to 2 tablespoons Ranch dressing,"Place the tortilla onto a flat surface.  Top the center of the tortilla with lettuce, tomatoes, deli turkey, chopped hard-boiled eggs, cheese, and a drizzle of Ranch dressing.  Fold and roll burrito style. Slice the wrap in half and pack into lunch containers. ",5 minutes,https://www.momables.com/healthy-school-lunch-ideas-for-teens/
14 Healthy School Lunch Ideas with Turkey,1/4 cup hummus | 2  large flour tortillas | 6 slices deli turkey | 1/3 cup matchstick carrots,Spread the hummus over each tortilla.Top both tortillas with sliced deli turkey and the matchstick carrots. Fold and roll tightly before slicing in half.  Serve immediately or pack into lunch containers with your choice of fruit and veggies. ,5 minutes,https://www.momables.com/5-healthy-school-office-lunch-ideas-turkey/
High Fiber Snacks for Kids,1/4 cup rolled oats | 1 cup dried prunes | 3 tablespoons peanut butter  (or nut-free butter) | 1 tablespoon honey ((optional)) | 2 tablespoons unsweetened cocoa powder | 1  scoop your favorite chocolate protein powder ((28g scoop)) | 1/4 cup mini chocolate chips ((optional)),"In the bowl of a food processor, blend oats into a flour-like texture. Add prunes, peanut butter, honey, cocoa powder, and protein powder, and process mixture until combined, making sure to stop once or twice to scrape the sides. If the mixture is too crumbly, add a tablespoon or two of water. Once the mixture has a sand-like consistency and it adheres to itself when pinching, it’s ready to roll it out. Remove the blades from the food processor and fold in mini chocolate chips. Begin rolling out the dough by hand, about a tablespoon at a time and place bites into a container. Refrigerate for 30 minutes until set.",10 minutes,https://www.momables.com/high-fiber-snacks/
Lunchbox Grilled Chicken &amp; Cheese Sandwich,1 cup grilled chicken strips | 4 slices sandwich bread | 2 slices Cheddar cheese | Butter (for grilling),"Layer the grilled chicken strips and cheese onto 2 slices of bread. Assemble the sandwiches and lightly butter both sides. In a medium non-stick pan over medium-high heat, grill the sandwiches for 2 to 3 minutes, until the bottom is golden brown. Flip and continue to grill until the cheese is melted. Remove from heat and allow the sandwich to cool to room temperature before slicing in half and packing inside a lunch container.",2 minutes,https://www.momables.com/how-to-pack-grilled-sandwiches-soup-for-lunch/
Non-Sandwich Lunch Ideas,40  wonton wrappers | 1  can refried black beans (warmed) | 1 cup shredded Cheddar cheese | 3/4 cup pico de gallo/salsa | Sour cream (for topping) | Guacamole | 2  green onions (sliced),"Preheat the oven to 375F. Grease 2 muffin tins with cooking spray. Line each cup with 2 wonton wrappers and lightly spray with cooking oil. Transfer the muffin tins to the oven and bake for 8 to 10 minutes or until the wonton wrappers are golden brown and crispy. Meanwhile, in a microwave-safe bowl, warm the beans. Remove the taco cups from the oven and fill each with warmed black beans, cheese, pico de gallo/salsa, sour cream, guacamole, and green onions.",10 minutes,https://www.momables.com/10-non-sandwich-lunch-ideas-by-momables/
School Lunch Ideas for Kids + Pizza Pasta Salad,12 ounce box pasta (cooked) | 3/4 cup mozzarella cheese (cubed) | 1 cup broccoli florets (chopped) | 4 ounces nitrate free pepperoni slices (quartered) | 1/3 cup black olives (sliced) | 1 cup cherry tomatoes (halved) | 1/4 cup Italian dressing (or olive oil + 1 teaspoon Italian seasoning | Salt &amp; pepper  (to taste),"Cook pasta according to box directions, drain, and rinse. Allow pasta to cool down to room temperature in a large bowl. Meanwhile, chop all your ingredients and toss them into the bowl, waiting until the pasta is cooled to toss in the cheese (otherwise it will melt). Add in Italian dressing and toss to combine well. Season with salt and pepper to taste. Serve immediately or refrigerate overnight. Store leftovers inane airtight container for up to 3 days.",15 minutes,https://www.momables.com/8-healthy-school-lunch-ideas/
Sandwich Pinwheels For School Lunches,2 slices of bread | 1 1/2 tablespoons peanut butter (or nut-free alternative) | 1 tablespoon jelly,"Place the bread slices on a flat surface. Cut the crusts from the bread if preferred. Use a rolling pin or a tall glass to flatten out the bread slices. Spread the peanut butter or nut-free butter alternative onto both slices of bread. Spread a thin layer of jelly on top of the peanut butter. Roll up the bread like a jelly roll, from one end to the other. Slice each sandwich broll into 3 to 4 pieces. Place sandwich roll pieces inside the main compartment of a lunch container. In the other compartments, or other containers, pack fruit and veggies. If packing a dip, pack it inside its own small lidded container or in its own compartment. Keep refrigerated until ready to place inside a lunch bag and send it to school.",5 minutes,https://www.momables.com/pinwheel-sandwich-recipes-for-the-school-lunchbox/
25+ Sandwich Ideas for Kids,"2 slices of sandwich bread | 1 ½ tablespoons peanut butter | 1 ½ tablespoons jelly (jam, or preserves) | Butter (for grilling)","Heat a non-stick pan over medium heat. Spread the peanut butter onto 1 slice of bread, followed by the jelly and the remaining slice of bread. If you are packing this in the lunchbox, make sure not to add too much jelly, or it will ooze out of the sandwich. Butter both sides of the sandwich and place it into the hot pan. Grill for 2 minutes before flipping and grilling for an additional 2 minutes or until the sandwich is golden brown on both sides. Remove the sandwich from heat and allow it to cool down to room temperature before packing it into a lunch container.",2 minutes,https://www.momables.com/sandwich-ideas-for-kids/
Grilled Cheese in a Pan,2 slices sandwich bread (your favorite) | 2 slices cheese (your favorite) | 1 tablespoon butter (for grilling),"On a flat surface, butter one side of each slice of bread, and flip them over. Layer the cheese between the bread pieces, and close the sandwich with the buttered sides facing out. Heat a pan over medium-low to medium heat. Grill the sandwich for about 2 to 3 minutes, until the bread is golden brown. Flip and continue grilling until the cheese is melty. If you are packing this sandwich for later, allow it to cool before slicing it in half and packing it in a hard lunch container. Pack fruit, veggies, and other healthy sides in separate compartments. Use an ice pack if needed.",10 minutes,https://www.momables.com/grilled-cheese-in-a-pan/
Easy Kindergarten Lunch Ideas | ABC Bento,2  apples (sliced) | 4  hard-boiled eggs (halved) | 1 cup celery sticks | 1 cup baby carrots | 2 ounces cheese cubes | Whole-grain crackers,Evenly divide the ingredients between 2 lunch containers with compartments making sure to keep the crackers separate so they don't get soggy. ,5 minutes,https://www.momables.com/kindergarten-lunch-ideas/
Healthy School Snacks for Kids,2 cups russet potatoes (cubed) | 1 1/2 cups raw broccoli (finely grated) | 2 cups shredded parmesan cheese (divided) | 1 tablespoon Italian seasoning,"Peel, cube into small dice sized pieces, and measure 2 cups of russet potatoes (about 2-3 potatoes). Steam or microwave the potatoes to the point where a fork is easily inserted but it’s too tough to eat (about 10 minutes boiling, 6-7 in the microwave). Once they are cooked drain them and set aside to cool down. Preheat oven to 425F, place oven rack in the middle of the oven and line a baking sheet with parchment paper or a silicone mat. In the bowl of your food processor, pulse about 2 cups of chopped broccoli florets (depending on how you cut it, it should yield about 1 ½ cups chopped) until it resembles coarse rice. Measure 1 ½ cups of finely chopped broccoli and transfer into a large bowl. Next, pulse semi-cooked potatoes and 1 ½ cups of the Parmesan cheese; just enough to break up the potatoes and combine them with the Parmesan cheese. Transfer mixture into the bowl with the broccoli. Add seasoning into the large bowl and fold all ingredients with a large spatula to combine. Place remaining Parmesan cheese into a small bowl. Begin to form tater tots into small balls with a 1 tablespoon size cookie scoop or you're your hands and a spoon. Once formed, roll each tot on more Parmesan cheese – just enough to coat it. Place each tater tot on the baking sheet, about ½ inch to 1 inch apart. Bake 12 minutes, until golden brown. Remove from oven and serve.",15 minutes,https://www.momables.com/10-healthy-classroom-snacks/
Picky Preschooler Lunch Ideas,6  eggs | 3 tablespoons milk | 1/4 cup pepperoni slices (chopped) | 1 cup shredded cheese (mozzarella or cheddar) | 2  apples (sliced) | 2 cups baby carrots,"Preheat the oven to 350F and grease a 24-count mini muffin pan. In a large bowl, whisk the eggs and milk. Add the pizza toppings, like pepperoni (and up to 1/2 cup of additional add-ins), and the shredded cheese to the bowl. Mix to combine all ingredients. Fill each mini muffin pan with the egg mixture and an even amount of toppings. Bake in the preheated oven 15 to 18 minutes, until the tops are puffy and the egg mixture has cooked through. Remove from oven and allow the quiches to cool for about 5 minutes before removing them from the pan with a small knife or spatula. Place 4 to 6 mini quiches inside a lunch container. Add sides like fruit and veggies in separate compartments.  You can also enjoy these warm inside a thermos container. Refrigerate extras in an airtight container for up to 3 days for future lunches or freeze for up to 1 month. Reheat in the microwave for 30 seconds to 1 minute.",5 minutes,https://www.momables.com/preschool-lunch-ideas-for-picky-eaters/
Healthy Wraps for School Lunches,1/4 cup hummus | 2  large spinach tortillaz  (or regular flour tortillas) | 6 slices deli turkey | 1/4 cup shredded Cheddar or Colby Jack cheese | 1/2 cup matchstick carrots | Shredded lettuce,"Spread the hummus over each tortilla and layer each with sliced turkey, cheese, carrots, and lettuce. Fold and roll tightly. Leave whole or slice in half before packing into lunch containers. ",5 minutes,https://www.momables.com/5-healthy-wraps-for-school-lunch/
Crispy Chicken Wrap,1  large flour tortilla | 2  green lettuce leaves | 2 slices tomato | 2  chicken strips (cooked) | 1 tablespoon Ranch dressing,"If not packing this wrap for school and you&#39;re going to enjoy it right away, you can reheat the chicken tenders in the microwave for about a minute, in the oven at 350F for 10 minutes, or the air fryer at 350F for 6 minutes. This will give you crispy tenders to use in the wrap. Place the tortilla on a flat surface. Place the lettuce leaves in the center of the tortilla and place the tomato slices on top. Arrange the cooked chicken strips on top of the tomatoes and drizzle with ranch dressing. Tip: go light on the dressing if you&#39;re packing this for school to prevent a soggy wrap. Pack a little extra dressing in a small lidded container for later. Fold the sides in and roll the wrap burrito style. Slice it in half and serve or pack it inside a lunch container. Add fresh fruit and veggies as sides inside separate lunch containers or compartments of the lunch box. Refrigerate the lunch until you're ready to pack it inside an insulated bag for school. Include an ice pack if necessary.",5 minutes,https://www.momables.com/crispy-chicken-wrap/
Homemade Doritos,6  corn tortillas | 1 tablespoon vegetable oil | 3 tablespoons grated Parmesan cheese | 1 1/2 teaspoons chili powder | 1 1/2 teaspoons smoked paprika | 1/2 teaspoon salt,"Preheat oven to 350 degrees and position the oven rack in the middle of the oven. Line a large baking sheet with parchment paper. Place the tortillas onto the baking sheet and brush oil on both sides. Stack the tortillas and using a pizza cutter or knife, slice them 3 ways, making 6 triangles. For smaller tortillas, slice them 4 ways, into 8 triangles. In a large bowl, combine the Parmesan, chili powder, smoked paprika, and salt, and stir to combine. Add the sliced tortillas into the spice mix, tossing them to coat both sides. Once coated, lay them flat on the lined baking sheet. Bake for 15 minutes, flipping them over half way through, give or take add 1-2 minutes until crisp. Remove the chips from the oven and let them cool down completely before serving. These baked Doritos are best the day they&#39;re made, but they can be stored in a zip bag or airtight container for 1-2 days. I recommend making as many as you&#39;ll consume.",23 minutes,https://www.momables.com/homemade-dorito-recipe/
Italian Sandwich Wrap,1  large tortilla | mayonnaise (optional) | 2 oz deli meat | 1 slice cheese | lettuce (optional) | 2 slices tomato (optional),"Place the tortilla on a flat surface and spread a thin layer of mayo on top. Put lettuce leaves in the center of the tortilla and layer on the deli meat, cheese, and tomatoes. If using dressing, drizzle a small amount over the ingredients and fold the sides in and roll up burrito style. Slice it in half and serve. Pack it inside a sandwich-sized lunch container keeping any sides like fruit and veggies separate. Refrigerate until you’re ready to leave, then put it inside a lunch bag for school with an ice pack, if necessary.",5 minutes,https://www.momables.com/italian-sandwich-wrap/
High Protein School Lunches for Teens,1 1/2 pounds chicken breasts or thighs (boneless skinless) | 1/4 cup brown sugar or honey | 1/2 cup soy sauce or coconut aminos | 1/4 cup water | 1  small garlic clove (grated) | 1 teaspoon fresh ginger (grated) | 2 tablespoons oil | 3 cups cooked rice | Green onions (optional),"Using a meat hammer, pound the chicken breasts or thighs to 1/4 inch thin. In a medium bowl, whisk to combine brown sugar, soy sauce, water, grated garlic, and ginger. Combine the chicken and marinade inside a glass container or large gallon zip bag, seal, and refrigerate for 30 minutes to 2 hours (even overnight for a strong flavor). In a large skillet over medium heat, heat enough oil to cover the bottom of the pan. Begin to cook chicken, about 3 minutes in each side, and remove from pan. Repeat process with remaining chicken if the pan is too small. Once the chicken is cooked, pour contents of zip bag into the pan. Bring sauce to a boil, reduce heat, and simmer for a couple of minutes. Bring chicken back into the pan, toss to combine into sauce, and turn off heat. Divide the rice between 4 bowls or 4 thermos containers, top with Teriyaki Chicken and green onions.",10 minutes,https://www.momables.com/healthy-school-lunches-for-teenage-athletes-and-active-kids/
Eggless French Toast,1/2 cup milk (your favorite) | 1 tablespoon corn starch | 1 teaspoon vanilla extract | 1/4 teaspoon cinnamon (optional) | 2 slices bread (thicker is better) | 2 tablespoons butter or spray (for grilling) | 1/2 cup sliced strawberries (for serving) | Maple syrup (for serving),"In a shallow dish with sides combine the milk, cornstarch, vanilla, and cinnamon. Whisk until everything is combined and the cornstarch is dissolved. Place one slice of bread into the milk mixture long enough to soak the side then flip the bread and allow it to soak for an additional 3 seconds. Heat a large, nonstick pan over medium heat. Melt 1 tablespoon butter in the pan and place 2 slices of bread into the center of the pan. Cook for 3 to 4 minutes or until golden brown. Using a spatula, flip the french toast pieces and brown the other side for an additional 3 to 4 minutes or until golden brown. Remove from the pan and repeat with remaining bread slice and butter. Top the french toast with berries, syrup, or your favorite toppings.",20 minutes,https://www.momables.com/egg-free-french-toast-recipe/
Homemade Baked Banana Chips,2  bananas | 1 tablespoon lemon juice | 4 tablespoons water | Kosher salt,"Preheat the oven to 250F. Line a large sheet with parchment paper. In a small bowl, combine 4 parts (4 tablespoons) water with 1 part (1 tablespoon) lemon juice. Slice bananas very thin, about 1/8"" thick coins, brush with lemon juice and water mixture. Sprinkle with kosher salt. Bake at 250F for about 1 1/2  to 2 hours or until they are crispy, making sure to flip them over halfway through. Remove them from the oven and allow them to cool (the longer they cool the crispier they become). Use overripe bananas and sprinkle with cinnamon after brushing with the lemon water. Follow the baking directions above.",125 minutes,https://www.momables.com/homemade-banana-chips-recipe-baked/
Crustless Quiche Muffins,6  large eggs | 1/2 cup milk | Pinch salt &amp; pepper | 3/4 cup shredded Cheddar cheese | 4 ounces chopped ham,"Preheat the oven to 350F. Grease 6 muffin cups in a muffin tin and set aside.  In a large bowl, whisk the eggs, milk, salt, and pepper. You can also use a blender to mix these and then easily pour the mixture into the cups. Divide the chopped ham into the 6 muffin cups, then top the ham with the shredded cheese. This ensures each cup has the same amount, instead of mixing it in the bowl.  Fill or pour the egg mixture into the cups, filling each cup nearly to the top.  Bake the egg muffins in the preheated oven for 35 to 40 minutes, until the tops are puffy and golden brown.  Remove the pan from the oven and let them cool in the pan before removing them. Once cooled, refrigerate the quiche muffins in an airtight container or zip bag for up to 3 days or in the freezer for up to 2 months. To reheat, microwave for 30 seconds to 1 minute, until heated through. ",40 minutes,https://www.momables.com/crustless-broccoli-and-cheddar-quiche-muffins/
Sack Lunch Ideas,1 1/2 teaspoons honey | 2 slices whole-grain bread | 1 tablespoon peanut butter | 1/4  honey-crisp or granny smith apple (thinly sliced),"Place bread on a flat surface and spread peanut butter onto both slices of bread. Place apple slices onto one side, drizzle with honey, and close sandwich.",5 minutes,https://www.momables.com/disposable-field-trip-lunch/
Easy Homemade Uncrustables (Freezeable!),8 slices sandwich bread (your favorite) | 1/2 cup peanut butter (smooth or chunky) | 1/4 cup jelly or preserves (your favorite),"Spread the peanut butter on half of the bread slices, keeping most of it in the center. Top it with jelly, keeping it in the middle of the sandwich, and top it with another bread slice to close the sandwich. Make as many as needed. Place the sandwich cutter in the middle of the sandwich. Push the sealer down and hold it to seal for 15 to 30 seconds. Remove the crusts from around the sealer and then lift the sealer. If making a lot, place them on a parchment-lined baking sheet and freeze. Once frozen, transfer them into a large zip bag and keep them frozen. Or, place each uncrustable inside a sandwich size zip bag and freeze individually. Pack the frozen uncrustable inside the main compartment of a lunch box. Add any sides, like fruit and veggies, in separate compartments or containers. If the uncrustable is inside a zip bag, just add it directly inside the lunch bag.",10 minutes,https://www.momables.com/diy-frozen-uncrustables/